pid,store_name,display_name,parent_name,billing_partner,street,zip,city,phone,email,statut,sale_warn,tier,cycle_days,so_count_12m,total_untaxed_12m,avg_mois,first_so_date,last_so_date,last_so_days_ago,last_so_label,last_visit,last_visit_source,next_visit,retard_j
5439,Affilié 045015 - Delhaize Longdoz Médiacité,Affilié 045015 - Delhaize Longdoz Médiacité,Delhaize Le Lion S.A,Delhaize Le Lion S.A,Rue de Grétry 60,,Liège,043 42 49 02,achef45015@delhaize.be,Actif,no-message,C,42,1,414.07,34.51,2025-07-04,2025-07-04,328,04/07/2025 (328j),2025-07-04,last_so,2025-08-15,286
9159,Carrefour market Etterbeek,Carrefour market Etterbeek,Carrefour Belgium - Corporate Village,Carrefour Belgium - Corporate Village,Cours st.Michel 80,1040,Etterbeek,+32 2 772 87 76,,Actif,no-message,C,42,1,1061.97,88.5,2025-07-18,2025-07-18,314,18/07/2025 (314j),2025-07-23,picking,2025-09-03,267
8488,Hyper Carrefour de Drogendos,Hyper Carrefour de Drogendos,Carrefour Belgium - Corporate Village,Carrefour Belgium - Corporate Village,Avenue Paul Gilson 455,1620,Drogenbos,+32 2 446 15 25,,Actif,no-message,C,42,2,1075.84,89.65,2025-06-10,2025-08-06,295,06/08/2025 (295j),2025-08-07,picking,2025-09-18,252
7873,Delhaize bois de breux,Delhaize bois de breux,,Delhaize bois de breux,,,,+32 4 365 74 07,,Actif,no-message,X,90,1,343.73,28.64,2025-08-06,2025-08-06,295,06/08/2025 (295j),2025-08-06,last_so,2025-11-04,205
113634,Carrefour Market Eupen centre Rotenberg,Carrefour Market Eupen centre Rotenberg,Carrefour Belgium - Corporate Village,Carrefour Belgium - Corporate Village,Rotenberg 12,4700,Eupen,+32 87 55 59 01,carrefoureupen@skynet.be,Actif,no-message,C,42,2,768.31,64.03,2025-10-13,2025-10-13,227,13/10/2025 (227j),2025-10-14,picking,2025-11-25,184
9016,Distriwal SRL - Carrefour Market Walcourt,Distriwal SRL - Carrefour Market Walcourt,,Distriwal SRL - Carrefour Market Walcourt,"Rue de la Forge, 34",5650,WALCOURT,+32 71 61 14 73,labbe-r@hotmail.com,Actif,no-message,C,42,2,1144.41,95.37,2025-07-07,2025-10-16,224,16/10/2025 (224j),2025-10-16,last_so,2025-11-27,182
113974,Carrefour Market Eupen Herbesthalerstrasse,Carrefour Market Eupen Herbesthalerstrasse,Carrefour Belgium - Corporate Village,Carrefour Belgium - Corporate Village,Rue de Herbesthal 203,4700,Eupen,+32 87 21 30 30,info@hypermarketeupen.be,Actif,no-message,C,42,2,756.42,63.03,2025-10-20,2025-10-20,220,20/10/2025 (220j),2025-10-21,picking,2025-12-02,177
8339,Carrefour Market Braine-l'Alleud,Carrefour Market Braine-l'Alleud,Carrefour Belgium - Corporate Village,Carrefour Belgium - Corporate Village,Pl. du Môle 25,1420,Braine-l'alleud,,,Actif,no-message,B,28,3,1298.75,108.23,2025-06-04,2025-11-06,203,06/11/2025 (203j),2025-11-06,last_so,2025-12-04,175
9079,Carrefour Market Naninne,Carrefour Market Naninne,Carrefour Belgium - Corporate Village,Carrefour Belgium - Corporate Village,Chaussée de Marche 741,5100,Naninne,+32 81 58 19 68,mellecev@gmail.com,Actif,no-message,B,28,3,1299.39,108.28,2025-07-11,2026-01-22,126,22/01/2026 (126j),2026-01-22,picking,2026-02-19,98
6821,Carrefour Market Waterloo,Carrefour Market Waterloo,Carrefour Belgium - Corporate Village,Carrefour Belgium - Corporate Village,Drève de Richelle 10,1410,Waterloo,+32 2 352 02 11,eric_darte@carrefour.com,Actif,no-message,C,42,5,961.59,80.13,2025-07-08,2026-01-08,140,08/01/2026 (140j),2026-01-08,picking,2026-02-19,98
5426,DELHAIZE BOONDAEL,DELHAIZE BOONDAEL,AL RETAIL - Delhaize BOONDAEL,AL RETAIL - Delhaize BOONDAEL,120 AVENUE DU BOIS DE LA CAMBRE,1050,IXELLES,02 672 89 48,014024@delhaize.be,Actif,no-message,C,42,3,1116.73,93.06,2025-10-06,2026-01-12,136,12/01/2026 (136j),2026-01-12,last_so,2026-02-23,94
113216,Dynamic Food SRL - Spar Louvain-La-Neuve,Dynamic Food SRL - Spar Louvain-La-Neuve,,Dynamic Food SRL - Spar Louvain-La-Neuve,rue Charlemagne 7,1348,Louvain-la-Neuve,+32 10 86 03 94,spar.louvainlaneuve@gmail.com,Actif,warning,B,28,3,1708.34,142.36,2025-10-03,2026-01-27,121,27/01/2026 (121j),2026-01-27,last_so,2026-02-24,93
8062,Carrefour Hyper Auderghem,Carrefour Hyper Auderghem,Carrefour Belgium - Corporate Village,Carrefour Belgium - Corporate Village,Bd du Souverain-Vorstlaan 240,1160,Auderghem,+32 2 679 05 11,josiane_bourcy@carrefour.com,Actif,no-message,C,42,3,632.0,52.67,2025-08-05,2026-01-13,135,13/01/2026 (135j),2026-01-13,picking,2026-02-24,93
8689,Hypermarché carrefour Bierges (wavre ),Hypermarché carrefour Bierges (wavre ),Carrefour Belgium - Corporate Village,Carrefour Belgium - Corporate Village,"Boulevard de l'Europe, 3",1301,Bierges,+32 10 23 18 50,alizee_urbain@carrefour.com,Actif,no-message,B,28,5,2712.86,226.07,2025-06-20,2026-01-27,121,27/01/2026 (121j),2026-01-29,picking,2026-02-26,91
2914,Affilié 044725 - Delhaize Kraainem,Affilié 044725 - Delhaize Kraainem,Delhaize Le Lion S.A,Delhaize Le Lion S.A,"Wezembeeklaan, 112",1950,Kraainem,027 84 36 48,supplier@delhaize-kraainem.be,Actif,no-message,A,21,7,5291.28,440.94,2025-06-25,2026-02-20,97,20/02/2026 (97j),2026-02-23,picking,2026-03-16,73
8779,Affilié 044780 - Proxy Delhaize Le Beau Rivage,Affilié 044780 - Proxy Delhaize Le Beau Rivage,Delhaize Le Lion S.A,Delhaize Le Lion S.A,Quai de Meuse 1/1,5500,Dinant,+32 82 22 37 62,xavier-despeghel@hotmail.com,Actif,no-message,B,28,5,1803.97,150.33,2025-06-23,2026-02-17,100,17/02/2026 (100j),2026-02-17,last_so,2026-03-17,72
117130,Affilié 041895 - Proxy Delhaize Braives,Affilié 041895 - Proxy Delhaize Braives,Delhaize Le Lion S.A,Delhaize Le Lion S.A,Chaussée de Tirlemont 6A,4260,Braives,+32 19 69 94 88,maxime@proxybraives.be,Actif,no-message,C,42,2,382.3,31.86,2025-12-08,2026-02-09,108,09/02/2026 (108j),2026-02-09,last_so,2026-03-23,66
8683,Hyper Carrefour Waterloo Mt-St-Jean,Hyper Carrefour Waterloo Mt-St-Jean,Carrefour Belgium - Corporate Village,Carrefour Belgium - Corporate Village,Chaussée de Charleroi 579,1410,Waterloo,+32 2 389 27 11,,Actif,no-message,B,28,4,1697.95,141.5,2025-06-19,2026-02-25,92,25/02/2026 (92j),2026-02-25,picking,2026-03-25,64
113997,"Carrefour Belgium - Corporate Village, Carrefour Market City 2","Carrefour Belgium - Corporate Village, Carrefour Market City 2",Carrefour Belgium - Corporate Village,Carrefour Belgium - Corporate Village,Rue Neuve 123,1000,Bruxelles,+32 476 73 31 60,constance_havet@carrefour.com,Actif,no-message,C,42,3,759.24,63.27,2025-10-21,2026-02-11,106,11/02/2026 (106j),2026-02-11,last_so,2026-03-25,64
5899,Affilié 040290 - AD Andenne,Affilié 040290 - AD Andenne,Delhaize Le Lion S.A,Delhaize Le Lion S.A,Avenue Roi Albert 135A,5300,Andenne,+32 85 41 19 81,proxystema@gmail.com,Actif,no-message,C,42,2,552.12,46.01,2026-01-07,2026-02-13,104,13/02/2026 (104j),2026-02-13,last_so,2026-03-27,62
3226,SRL Waldix - Delhaize Wavre,SRL Waldix - Delhaize Wavre,,SRL Waldix - Delhaize Wavre,Chaussée de Louvain 126,1300,Wavre,+32 477 91 45 25,info@beldix.be,Actif,no-message,B,28,10,3484.5,290.38,2025-06-18,2026-02-24,93,24/02/2026 (93j),2026-03-02,picking,2026-03-30,59
114763,Lillodis SRL - Proxy Delhaize Lillois,Lillodis SRL - Proxy Delhaize Lillois,,Lillodis SRL - Proxy Delhaize Lillois,Grand’Route 350,1428,Lillois,+32 2 384 48 83,proxylillois@gmail.com,Actif,no-message,C,42,4,712.8,59.4,2025-11-06,2026-02-19,98,19/02/2026 (98j),2026-02-19,last_so,2026-04-02,56
5729,Affilié 044010 - Delhaize DEBROUX,Affilié 044010 - Delhaize DEBROUX,Delhaize Le Lion S.A,Delhaize Le Lion S.A,"Avenue Hermann Debroux, 26",,Auderghem,026 72 87 25,Naberkan@delhaize.be,Actif,no-message,B,28,4,1527.77,127.31,2025-06-25,2026-03-06,83,06/03/2026 (83j),2026-03-06,last_so,2026-04-03,55
6999,Carrefour Hyper Marche-en-Famenne,Carrefour Hyper Marche-en-Famenne,Carrefour Belgium - Corporate Village,Carrefour Belgium - Corporate Village,Chaussée de Liège 41,6900,Marche-en-Famenne,+32 84 32 07 11,,Actif,no-message,B,28,4,4792.57,399.38,2025-07-23,2026-03-09,80,09/03/2026 (80j),2026-03-09,picking,2026-04-06,52
114704,Affilié 048652 - Delhaize Salzinnes,Affilié 048652 - Delhaize Salzinnes,Delhaize Le Lion S.A,Delhaize Le Lion S.A,Chaussée de Charleroi 22,5000,Namur,+32 81 40 80 40,nicolas@adsalzinnes.be,Actif,no-message,B,28,6,3098.75,258.23,2025-11-05,2026-03-10,79,10/03/2026 (79j),2026-03-10,last_so,2026-04-07,51
5653,Affilié 048755 - Delhaize St Lambert,Affilié 048755 - Delhaize St Lambert,Delhaize Le Lion S.A,Delhaize Le Lion S.A,Rue d'official 2,,Liège,042 22 09 90,Julien.Dosin@affiliatesdelhaize.be,Actif,no-message,B,28,5,2017.85,168.15,2025-07-04,2026-03-12,77,12/03/2026 (77j),2026-03-12,last_so,2026-04-09,49
8159,N.B.S. RETAIL - Delhaize de Marche,N.B.S. RETAIL - Delhaize de Marche,,N.B.S. RETAIL - Delhaize de Marche,Avenue de France 39,6900,Marche-en-Famenne,+32 470 26 16 92,nathalie-delhaizemarche@nbs-retail.be,Actif,no-message,A,21,12,5399.79,449.98,2025-06-17,2026-03-23,66,23/03/2026 (66j),2026-03-23,last_so,2026-04-13,45
5916,Affilié 044470 - AD Jambes (Materne),Affilié 044470 - AD Jambes (Materne),Delhaize Le Lion S.A,Delhaize Le Lion S.A,Avenue Jean Materne 109,,Jambes,081 30 16 88,,Actif,no-message,C,42,2,699.38,58.28,2026-01-16,2026-03-02,87,02/03/2026 (87j),2026-03-02,last_so,2026-04-13,45
113627,Carrefour market Grace Hollogne,Carrefour market Grace Hollogne,Carrefour Belgium - Corporate Village,Carrefour Belgium - Corporate Village,Rue de Wallonie 2A,4460,Grâce-Hollogne,+32 4 384 34 41,albert_aktan@franchisecrf.com,Actif,no-message,B,28,5,2227.08,185.59,2025-10-13,2026-03-18,71,18/03/2026 (71j),2026-03-18,last_so,2026-04-15,43
113746,Hyper Carrefour Arlon,Hyper Carrefour Arlon,Carrefour Belgium - Corporate Village,Carrefour Belgium - Corporate Village,Rue de Clairefontaine 1,6700,Arlon,+32 63 23 06 11,Christopher_kabongo@carrefour.com,Actif,no-message,B,28,5,2760.73,230.06,2025-10-17,2026-03-19,70,19/03/2026 (70j),2026-03-20,picking,2026-04-17,41
122255,SA LD Management - Intermarché Hamoir,SA LD Management - Intermarché Hamoir,,SA LD Management - Intermarché Hamoir,Boulevard Pieret 32,4180,Hamoir,+32 86 38 76 21,pdv9322@mousquetaires.com,Actif,no-message,B,28,1,681.57,56.8,2026-03-18,2026-03-18,71,18/03/2026 (71j),2026-03-20,picking,2026-04-17,41
2963,GENADIS - Intermarché Genappe,GENADIS - Intermarché Genappe,,GENADIS - Intermarché Genappe,Rue Louis Lalieux 22,1470,Genappe,067 78 02 50,pdv09846@mousquetaires.com,Actif,no-message,B,28,4,1343.88,111.99,2025-08-12,2026-03-25,64,25/03/2026 (64j),2026-03-25,last_so,2026-04-22,36
122467,Hyper Carrefour Bomerée,Hyper Carrefour Bomerée,Carrefour Belgium - Corporate Village,Carrefour Belgium - Corporate Village,Rue de la station 1,6110,Montigny-Le-Tilleul,+32 71 29 72 11,demoulin_michael@carrefour.com,Actif,no-message,B,28,1,261.54,21.8,2026-03-27,2026-03-27,62,27/03/2026 (62j),2026-03-27,picking,2026-04-24,34
7283,Affilié 041335 - Ad Bouffioulx,Affilié 041335 - Ad Bouffioulx,Delhaize Le Lion S.A,Delhaize Le Lion S.A,"260, av E Vandervelde",6200,Chatelet,+32 71 38 59 34,looze24@hotmail.com,Actif,no-message,B,28,8,2880.21,240.02,2025-06-05,2026-03-31,58,31/03/2026 (58j),2026-03-31,last_so,2026-04-28,30
2927,Distriparenthèse - Intermarché Gosselies,Distriparenthèse - Intermarché Gosselies,,Distriparenthèse - Intermarché Gosselies,"Rue Pont à Migneloux, 13",6041,Gosselies,071/35.40.10,pdv09920@mousquetaires.com,Actif,no-message,B,28,6,1550.56,129.21,2025-06-05,2026-03-31,58,31/03/2026 (58j),2026-03-31,last_so,2026-04-28,30
116008,SA Beausov New - Delhaize Beauraing,SA Beausov New - Delhaize Beauraing,,SA Beausov New - Delhaize Beauraing,150 rue de Rochefort,5570,Beauraing,+32 82 71 36 97,Info@delhaize5570.be,Actif,no-message,B,28,4,1757.39,146.45,2025-11-26,2026-04-01,57,01/04/2026 (57j),2026-04-01,last_so,2026-04-29,29
3153,NIVALIM - Intermarché Nivelles,NIVALIM - Intermarché Nivelles,,NIVALIM - Intermarché Nivelles,Rue Tienne-à-Deux-Vallées 6/8,1400,Nivelles,067 21 74 94,pdv09840@mousquetaires.com,Actif,no-message,A,21,13,5638.34,469.86,2025-06-05,2026-04-09,49,09/04/2026 (49j),2026-04-09,last_so,2026-04-30,28
122589,Carrefour Market Wellin,Carrefour Market Wellin,Carrefour Belgium - Corporate Village,Carrefour Belgium - Corporate Village,"Rue de la Station, 32",6920,Wellin,+32 84 38 92 96,carrefourwellin@gmail.com,Actif,no-message,B,28,1,416.06,34.67,2026-03-30,2026-03-30,59,30/03/2026 (59j),2026-04-02,picking,2026-04-30,28
117404,Carrefour market Arlon Hydrion,Carrefour market Arlon Hydrion,Carrefour Belgium - Corporate Village,Carrefour Belgium - Corporate Village,Parc commerciale de l'Hydrion 1,6700,Arlon,+32 63 44 51 90,markethydrion@gmail.com,Actif,no-message,C,42,3,825.62,68.8,2025-12-11,2026-03-19,70,19/03/2026 (70j),2026-03-19,last_so,2026-04-30,28
117407,Affilié 045730 - Delhaize Neufchateau,Affilié 045730 - Delhaize Neufchateau,Delhaize Le Lion S.A,Delhaize Le Lion S.A,Chaussée de Recogne 88,6840,Neufchâteau,+32 61 27 83 88,Ad.neufchateau@schnongs.be,Actif,no-message,C,42,4,789.41,65.78,2025-12-11,2026-03-19,70,19/03/2026 (70j),2026-03-19,last_so,2026-04-30,28
122466,Hyper Carrefour Gosselies,Hyper Carrefour Gosselies,Carrefour Belgium - Corporate Village,Carrefour Belgium - Corporate Village,Da Vincilaan 3,6041,Gosselies,+32 71 25 06 11,,Actif,no-message,B,28,1,649.88,54.16,2026-04-03,2026-04-03,55,03/04/2026 (55j),2026-04-07,picking,2026-05-05,23
10134,LSL RETAIL SPRL - Intermarché Chaumont-Gistoux,LSL RETAIL SPRL - Intermarché Chaumont-Gistoux,,LSL RETAIL SPRL - Intermarché Chaumont-Gistoux,Chaussée de Huy 47,1325,Chaumont-Gistoux,+32 10 23 92 60,pdv09930@mousquetaires.com,Actif,no-message,B,28,8,2583.66,215.3,2025-08-29,2026-04-08,50,08/04/2026 (50j),2026-04-08,last_so,2026-05-06,22
3223,SRL AD LLN - Delhaize de Louvain La Neuve,SRL AD LLN - Delhaize de Louvain La Neuve,,SRL AD LLN - Delhaize de Louvain La Neuve,Place de l'accueil 10,1348,Louvain La Neuve,010 45 86 57,Achef45040@delhaize.be,Actif,no-message,B,28,6,2480.63,206.72,2025-08-12,2026-04-08,50,08/04/2026 (50j),2026-04-08,last_so,2026-05-06,22
115220,SA Nalim - Intermarché Wavre,SA Nalim - Intermarché Wavre,,SA Nalim - Intermarché Wavre,Avenue des Princes 9,1300,Wavre,+32 10 24 11 48,vincent.servais-adh@mousquetaires.com,Actif,no-message,B,28,4,1422.46,118.54,2025-12-02,2026-04-08,50,08/04/2026 (50j),2026-04-08,last_so,2026-05-06,22
5443,Affilié 041341 - AD Delhaize Filature,Affilié 041341 - AD Delhaize Filature,Delhaize Le Lion S.A,Delhaize Le Lion S.A,Rue de Tubize 102,,Braine-le-Château,02 204 56 40,Adfilature@courcellesgroup.be,Actif,no-message,C,42,5,1017.15,84.76,2025-07-24,2026-03-25,64,25/03/2026 (64j),2026-03-25,last_so,2026-05-06,22
3274,V2V Express Two - Carrefour Express 1314,V2V Express Two - Carrefour Express 1314,,V2V Express Two - Carrefour Express 1314,Route de l'Etat 47,1380,Lasne,02 633 11 90,lasnedistribution@gmail.com,Actif,no-message,C,42,2,413.74,34.48,2025-08-12,2026-03-25,64,25/03/2026 (64j),2026-03-25,last_so,2026-05-06,22
5582,Affilié 043540 - Delhaize Genval,Affilié 043540 - Delhaize Genval,Delhaize Le Lion S.A,Delhaize Le Lion S.A,13 Avenue Albert 1er,,Genval,026541702,gilles.verleyen@delhaize-genval.be,Actif,no-message,B,28,10,3626.86,302.24,2025-06-19,2026-04-09,49,09/04/2026 (49j),2026-04-09,last_so,2026-05-07,21
113675,Carrefour market LONTZEN,Carrefour market LONTZEN,Carrefour Belgium - Corporate Village,Carrefour market LONTZEN,"Rue Mitoyenne B, 910",4710,Lontzen,+32 87 67 42 27,carrefour.lontzen@gmail.com,Actif,no-message,B,28,4,1847.48,153.96,2025-10-14,2026-04-10,48,10/04/2026 (48j),2026-04-10,last_so,2026-05-08,20
120762,Spirec SRL - Carrefour Express CHIREC,Spirec SRL - Carrefour Express CHIREC,,Spirec SRL - Carrefour Express CHIREC,"Boulevard du Triomphe, 201",1160,Auderghem,+32 2 280 40 49,express.chirec@gmail.com,Actif,no-message,X,90,1,353.95,29.5,2026-02-05,2026-02-05,112,05/02/2026 (112j),2026-02-09,picking,2026-05-10,18
7679,,Etablissements Schnongs - AD Ciney,Etablissements Schnongs - AD Ciney,Etablissements Schnongs - AD Ciney,Chemin de Crahiat 18 A,5590,Ciney,,,Actif,no-message,B,28,10,2870.2,239.18,2025-06-18,2026-04-13,45,13/04/2026 (45j),2026-04-13,last_so,2026-05-11,17
5591,Affilié 043131 - AD Fernelmont,Affilié 043131 - AD Fernelmont,Delhaize Le Lion S.A,Affilié 043131 - AD Fernelmont,Rue d'Eghezée 16,,Fernelmont,+32 81 83 04 50,info@adfernelmont.be,Actif,no-message,B,28,3,2409.71,200.81,2025-10-28,2026-04-13,45,13/04/2026 (45j),2026-04-13,last_so,2026-05-11,17
120986,Carrefour express Petits Champs,Carrefour express Petits Champs,Carrefour Belgium - Corporate Village,Carrefour Belgium - Corporate Village,"CHAUSSEE DE BRUXELLES, 6",1410,Waterloo,+32 2 354 35 22,cvg0973@hotmail.com,Actif,no-message,X,90,1,243.01,20.25,2026-02-11,2026-02-11,106,11/02/2026 (106j),2026-02-11,picking,2026-05-12,16
116869,Chili Peppers - Intermarché Tilf,Chili Peppers - Intermarché Tilf,,Chili Peppers - Intermarché Tilf,Avenue des Ardennes 8,4130,Esneux,+32 479 32 28 39,pdv09885@mousquetaires.com,Actif,no-message,A,21,10,5522.91,460.24,2025-12-05,2026-04-22,36,22/04/2026 (36j),2026-04-22,last_so,2026-05-13,15
3210,SA Faimine - Intermarché Faimes,SA Faimine - Intermarché Faimes,,SA Faimine - Intermarché Faimes,Rue De Huy 27,4317,Faimes,019678378,PDV06089@mousquetaires.com,Actif,no-message,B,28,7,2626.74,218.89,2025-06-17,2026-04-15,43,15/04/2026 (43j),2026-04-15,last_so,2026-05-13,15
2811,BARVO S.A. - Carrefour Market Barvaux,BARVO S.A. - Carrefour Market Barvaux,,BARVO S.A. - Carrefour Market Barvaux,"Route de Marche, 26",6940,Barvaux/Ourthe,086 21 13 79,nathalie.warnier@arcadesa.be,Actif,no-message,B,28,6,2401.08,200.09,2025-06-16,2026-04-15,43,15/04/2026 (43j),2026-04-15,last_so,2026-05-13,15
3120,Mardis - Carrefour Market Marche,Mardis - Carrefour Market Marche,,Mardis - Carrefour Market Marche,Avenue du Monument 1,6900,Marche-en-Famenne,084 31 30 76,carrefour.market.marche@gmail.com,Actif,no-message,C,42,4,1147.76,95.65,2025-06-10,2026-04-01,57,01/04/2026 (57j),2026-04-01,last_so,2026-05-13,15
2971,Gerpidis SA - Intermarché Gerpinnes,Gerpidis SA - Intermarché Gerpinnes,,Gerpidis SA - Intermarché Gerpinnes,Route De Philippeville 196,6280,Gerpinnes,071216909,pdv09863@mousquetaires.com,Actif,no-message,B,28,7,3133.27,261.11,2025-06-05,2026-04-17,41,17/04/2026 (41j),2026-04-17,last_so,2026-05-15,13
120159,Affilié 043145 - Delhaize Flagey,Affilié 043145 - Delhaize Flagey,Delhaize Le Lion S.A,Delhaize Le Lion S.A,Rue de Hennin 18,1050,Ixelles,+32 471 53 40 15,skoumans@outlook.com,Actif,no-message,C,42,2,1091.63,90.97,2026-01-22,2026-04-03,55,03/04/2026 (55j),2026-04-03,last_so,2026-05-15,13
2915,Affilié 048880 - AD Soumagne Marvan s.a.,Affilié 048880 - AD Soumagne Marvan s.a.,Delhaize Le Lion S.A,Delhaize Le Lion S.A,Avenue de la Résistance 322,4630,Soumagne,043 45 97 50,adsoumagne@iba-invest.be,Actif,no-message,A,21,9,12664.98,1055.41,2025-06-12,2026-04-24,34,24/04/2026 (34j),2026-04-27,picking,2026-05-18,10
9046,Carrefour Hyper de Jambes,Carrefour Hyper de Jambes,Carrefour Belgium - Corporate Village,Carrefour Belgium - Corporate Village,Avenue prince de Liège 57-59,5100,Jambes,+32 81 33 20 11,,Actif,no-message,A,21,9,6156.72,513.06,2025-07-10,2026-04-08,50,08/04/2026 (50j),2026-04-27,picking,2026-05-18,10
2958,Floridis SA- Intermarché Floriffoux,Floridis SA- Intermarché Floriffoux,,Floridis SA- Intermarché Floriffoux,Rue Emerée 4,5150,Floriffoux,081 44 05 39,PDV09900@mousquetaires.com,Actif,no-message,B,28,8,3477.73,289.81,2025-06-24,2026-04-20,38,20/04/2026 (38j),2026-04-20,last_so,2026-05-18,10
116686,SRL Spydis - Intermarché Spy,SRL Spydis - Intermarché Spy,,SRL Spydis - Intermarché Spy,Route de Saussin 45,5190,Jemeppe-sur-Sambre,+32 71 78 74 39,Pdv09916@mousquetaires.com,Actif,no-message,B,28,7,2530.73,210.89,2025-12-03,2026-04-20,38,20/04/2026 (38j),2026-04-20,last_so,2026-05-18,10
123041,Affilié 44845 - Delhaize Enghien,Affilié 44845 - Delhaize Enghien,Delhaize Le Lion S.A,Delhaize Le Lion S.A,Square de la Dodane,7850,Enghien,,dllenghienmestdag@gmail.com,Actif,no-message,B,28,1,317.02,26.42,2026-04-16,2026-04-16,42,16/04/2026 (42j),2026-04-20,picking,2026-05-18,10
114681,Affilié 041345 - Delhaize de Bouge,Affilié 041345 - Delhaize de Bouge,Delhaize Le Lion S.A,Affilié 041345 - Delhaize de Bouge,Chaussée de Louvain 336,5004,Namur,+32 81 21 48 88,helene.nols@affiliatesdelhaize.be,Actif,no-message,B,28,8,3358.67,279.89,2025-11-05,2026-04-21,37,21/04/2026 (37j),2026-04-21,last_so,2026-05-19,9
3297,Windmill SA - Intermarché Bouge,Windmill SA - Intermarché Bouge,,Windmill SA - Intermarché Bouge,"Chaussée de Louvain, 257",5000,Bouge,081569346,pdv09883@mousquetaires.com,Actif,no-message,B,28,8,2900.82,241.74,2025-06-24,2026-04-21,37,21/04/2026 (37j),2026-04-21,last_so,2026-05-19,9
113613,Hyper Carrefour Mons Grands Prés,Hyper Carrefour Mons Grands Prés,Carrefour Belgium - Corporate Village,Carrefour Belgium - Corporate Village,"Place des grands pres, 1",7000,Mons,+32 65 32 36 11,christophe_solheid@carrefour.com,Actif,no-message,B,28,3,1200.67,100.06,2025-10-13,2026-04-07,51,07/04/2026 (51j),2026-04-21,picking,2026-05-19,9
123067,PGHM Distribution-Proxy Delhaize Maissin,PGHM Distribution-Proxy Delhaize Maissin,,PGHM Distribution-Proxy Delhaize Maissin,"Avenue de France,  22",6852,Paliseul,+32 61 61 11 71,janssensaurelie23@gmail.com,Actif,no-message,B,28,1,693.48,57.79,2026-04-16,2026-04-16,42,16/04/2026 (42j),2026-04-21,picking,2026-05-19,9
122944,Lambertdis SRL - Spar Manhay,Lambertdis SRL - Spar Manhay,,Lambertdis SRL - Spar Manhay,"Rue d'erezée,",6960,Manhay,+32 86 45 55 87,lambertfrancoise@skynet.be,Actif,no-message,B,28,2,558.67,46.56,2026-04-11,2026-04-21,37,21/04/2026 (37j),2026-04-21,picking,2026-05-19,9
122958,NDB Diffusion -Spar Namur,NDB Diffusion -Spar Namur,,NDB Diffusion -Spar Namur,Rue des Echasseurs 1,5000,Namur,+32 81 81 31 87,info@sparnamur.com,Actif,no-message,B,28,2,365.49,30.46,2026-04-15,2026-04-21,37,21/04/2026 (37j),2026-04-21,picking,2026-05-19,9
8169,Delhaize Bois-de-breux,Delhaize Bois-de-breux,,Delhaize Bois-de-breux,Rue de Herve 280,4030,Liège,+32 4 365 74 07,Olivier.landauer@affiliatesdelhaize.be,Actif,no-message,B,28,10,3941.62,328.47,2025-06-26,2026-04-22,36,22/04/2026 (36j),2026-04-22,last_so,2026-05-20,8
122995,Micamik SRL - Spar Godinne,Micamik SRL - Spar Godinne,,Micamik SRL - Spar Godinne,Rue de Mont 13,5530,Godinne,+32 82 61 27 50,spargodinne@icloud.com,Actif,no-message,B,28,1,491.32,40.94,2026-04-22,2026-04-22,36,22/04/2026 (36j),2026-04-22,picking,2026-05-20,8
123144,Affilié 040490 - Delhaize Ath,Affilié 040490 - Delhaize Ath,Delhaize Le Lion S.A,Delhaize Le Lion S.A,Rue de l'Abbaye 6,7800,Ath,+32 477 85 67 07,lorickvanassche@outlook.com,Actif,no-message,B,28,1,491.32,40.94,2026-04-22,2026-04-22,36,22/04/2026 (36j),2026-04-22,picking,2026-05-20,8
2909,DelEmbourg SRL - Delhaize Embourg,DelEmbourg SRL - Delhaize Embourg,,DelEmbourg SRL - Delhaize Embourg,Voie de l’ardenne 57,4053,Embourg,043 61 25 69,Kevin.Demarteau@affiliatesdelhaize.be,Actif,no-message,A,21,16,7854.12,654.51,2025-07-15,2026-04-30,28,30/04/2026 (28j),2026-04-30,last_so,2026-05-21,7
119818,Affilié 043151 - Proxy Delhaize Ferrières,Affilié 043151 - Proxy Delhaize Ferrières,Delhaize Le Lion S.A,Affilié 043151 - Proxy Delhaize Ferrières,"Rue du Pré du Fa, 6A",4190,Ferrières,+32 86 40 02 27,bernard@counassegroup.be,Actif,no-message,B,28,4,1485.93,123.83,2026-01-14,2026-04-23,35,23/04/2026 (35j),2026-04-23,last_so,2026-05-21,7
6597,Carrefour	Hyper Wépion,Carrefour	Hyper Wépion,Carrefour Belgium - Corporate Village,Carrefour Belgium - Corporate Village,Chaussée de Dinant 1147,5100,Wepion,+32 2 446 15 13,veronique_defraine@carrefour.com,Actif,no-message,B,28,8,4229.79,352.48,2025-06-03,2026-04-07,51,07/04/2026 (51j),2026-04-24,picking,2026-05-22,6
60001,Carrefour Hyper Boncelles,Carrefour Hyper Boncelles,Carrefour Belgium - Corporate Village,Carrefour Hyper Boncelles,Rue du Condroz 16,4100,Boncelles,,,Actif,no-message,B,28,6,2279.64,189.97,2025-09-26,2026-04-22,36,22/04/2026 (36j),2026-04-24,picking,2026-05-22,6
123189,Carrefour market Bastogne CC Port,Carrefour market Bastogne CC Port,Carrefour Belgium - Corporate Village,Carrefour market Bastogne CC Port,Rue Gustave Delperdange 3,6600,Bastogne,+32 61 21 00 50,bastogne@orkari.be,Actif,no-message,B,28,1,400.21,33.35,2026-04-23,2026-04-23,35,23/04/2026 (35j),2026-04-24,picking,2026-05-22,6
2979,HODICA SA - Carrefour Market Hotton,HODICA SA - Carrefour Market Hotton,,HODICA SA - Carrefour Market Hotton,Rue de la Jonction 16,6990,HOTTON,084 46 73 44,carrefour.market.hotton@gmail.com,Actif,no-message,B,28,7,2163.46,180.29,2025-06-25,2026-04-27,31,27/04/2026 (31j),2026-04-27,last_so,2026-05-25,3
7760,Hyper Carrefour Fleron,Hyper Carrefour Fleron,Carrefour Belgium - Corporate Village,Hyper Carrefour Fleron,Rue de la Clef 30,4620,Fleron,+32 4 355 86 11,sebastien_mancuso_1@carrefour.com,Actif,no-message,B,28,2,1865.97,155.5,2025-07-24,2026-04-22,36,22/04/2026 (36j),2026-04-27,picking,2026-05-25,3
119819,Affilié 044463 - Delhaize Hotton,Affilié 044463 - Delhaize Hotton,Delhaize Le Lion S.A,Affilié 044463 - Delhaize Hotton,"Rue De La Scierie, 9",6990,Hotton,+32 84 32 20 24,bernard@counassegroup.be,Actif,no-message,B,28,4,1700.91,141.74,2026-01-14,2026-04-27,31,27/04/2026 (31j),2026-04-27,last_so,2026-05-25,3
119817,Affilié 040990 - Delhaize Barvaux,Affilié 040990 - Delhaize Barvaux,Delhaize Le Lion S.A,Affilié 040990 - Delhaize Barvaux,"Rue Petit-Barvaux, 6",6940,Barvaux-sur-Ourthe,+32 86 36 60 08,bernard@counassegroup.be,Actif,no-message,B,28,3,1450.63,120.89,2026-01-14,2026-04-27,31,27/04/2026 (31j),2026-04-27,last_so,2026-05-25,3
123035,Gmp La Louvière - Delhaize La Louvière,Gmp La Louvière - Delhaize La Louvière,,Gmp La Louvière - Delhaize La Louvière,Rue de la Franco-Belge 228,7100,La Louvière,+32 64 44 44 08,chef44686@delhaize.be,Actif,no-message,B,28,1,480.16,40.01,2026-04-20,2026-04-20,38,20/04/2026 (38j),2026-04-27,picking,2026-05-25,3
5878,,Carrefour Market Remouchamps,Carrefour Market Remouchamps,Carrefour Market Remouchamps,Avenue de la Porallée  36A,,Aywaille,043 84 05 50,,Actif,no-message,A,21,18,11009.81,917.48,2025-06-20,2026-05-20,8,20/05/2026 (8j),2026-05-20,last_so,2026-06-10,0
5441,Affilié 043366 - AD Fosses-la-Ville,Affilié 043366 - AD Fosses-la-Ville,Delhaize Le Lion S.A,Affilié 043366 - AD Fosses-la-Ville,Rue du Cimetière 5,,Fosses-la-Ville,071 71 29 12,ad.fosses@hotmail.be,Actif,no-message,A,21,18,9543.14,795.26,2025-06-02,2026-05-13,15,13/05/2026 (15j),2026-05-13,last_so,2026-06-03,0
5755,Intermarché Naninne,Intermarché Naninne,NANRETAIL SA - Intermarché Naninne,NANRETAIL SA - Intermarché Naninne,Chaussée de Marche 860,,Naninne,081 63 36 96,naninnecompta@gmail.com,Actif,no-message,A,21,14,9444.63,787.05,2025-06-02,2026-05-26,2,26/05/2026 (2j),2026-05-26,last_so,2026-06-16,0
2905,DEMARS S.A.  - Carrefour Market Beauraing,DEMARS S.A.  - Carrefour Market Beauraing,,DEMARS S.A.  - Carrefour Market Beauraing,"Rue de Rochefort, 37",5570,BEAURAING,082/71 02 30,celine.magis@groupedemars.be,Actif,no-message,A,21,13,8732.1,727.68,2025-06-02,2026-05-13,15,13/05/2026 (15j),2026-05-15,picking,2026-06-05,0
5750,,SA Barthe - Intermarché Assesse,SA Barthe - Intermarché Assesse,SA Barthe - Intermarché Assesse,Rue Melville Wilson 3,,Assesse,083 66 05 70,PDV02021@mousquetaires.com,Actif,no-message,A,21,12,6511.88,542.66,2025-07-14,2026-05-19,9,19/05/2026 (9j),2026-05-19,last_so,2026-06-09,0
5449,Affilié 048875 - AD Sombreffe,Affilié 048875 - AD Sombreffe,Delhaize Le Lion S.A,Affilié 048875 - AD Sombreffe,Chaussée de Gembloux 25,,Sombreffe,071 88 60 08,adsombreffe@gmail.com,Actif,no-message,A,21,18,6405.05,533.75,2025-06-02,2026-05-28,0,28/05/2026 (0j),2026-05-28,last_so,2026-06-18,0
6838,,KAIO Retail invest - Delhaize Ottignies,KAIO Retail invest - Delhaize Ottignies,KAIO Retail invest - Delhaize Ottignies,"Centre commercial du Douaire, 1",1340,Ottignie,,jolan.cailleau@gmail.com,Actif,no-message,A,21,11,5563.04,463.59,2025-07-01,2026-05-28,0,28/05/2026 (0j),2026-05-28,last_so,2026-06-18,0
5580,,GIMALEX SA - Delhaize Fragnée,GIMALEX SA - Delhaize Fragnée,GIMALEX SA - Delhaize Fragnée,"Rue de Fragnée, 41",4000,Liège,,g.harvie@gimalex.be,Actif,no-message,B,28,11,4530.36,377.53,2025-06-20,2026-05-21,7,21/05/2026 (7j),2026-05-21,last_so,2026-06-18,0
8558,SA Marer - AD Delhaize Bastogne,SA Marer - AD Delhaize Bastogne,,SA Marer - AD Delhaize Bastogne,Route de Marche 112-114,6660,Bastogne,+32 61 21 70 84,compta2@irilux.lu,Actif,no-message,B,28,9,4366.13,363.84,2025-06-13,2026-05-06,22,06/05/2026 (22j),2026-05-06,last_so,2026-06-03,0
7693,,SA Marer - AD Rochefort,SA Marer - AD Rochefort,SA Marer - AD Rochefort,Rue de Marche 59,5580,Rochefort,,,Actif,no-message,B,28,10,4138.45,344.87,2025-06-04,2026-05-19,9,19/05/2026 (9j),2026-05-19,last_so,2026-06-16,0
7003,Wonka S.A. - Intermarché Heusy,Wonka S.A. - Intermarché Heusy,,Wonka S.A. - Intermarché Heusy,Chaussée De Theux 55,4802,Heusy,+32 472 09 23 90,caroline.leidgens.intermarche@gmail.com,Actif,no-message,B,28,13,3874.2,322.85,2025-06-20,2026-05-20,8,20/05/2026 (8j),2026-05-20,last_so,2026-06-17,0
115879,SA VILLERSEM - Intermarché Villers Le Bouillet,SA VILLERSEM - Intermarché Villers Le Bouillet,,SA VILLERSEM - Intermarché Villers Le Bouillet,Rue du Château d'eau 1,4530,VILLERS-LE-BOUILLET,+32 85 31 69 11,PDV05449@MOUSQUETAIRES.COM,Actif,no-message,B,28,8,3534.75,294.56,2025-11-24,2026-05-21,7,21/05/2026 (7j),2026-05-21,last_so,2026-06-18,0
2952,AD Delhaize Fernelmont (Fernel-Dis SRL n°43132),AD Delhaize Fernelmont (Fernel-Dis SRL n°43132),,AD Delhaize Fernelmont (Fernel-Dis SRL n°43132),Rue d'Eghezée 16,5380,Fernelmont,+32 81 83 04 55,info@adfernelmont.be,Actif,no-message,B,28,9,3434.65,286.22,2025-06-12,2026-05-19,9,19/05/2026 (9j),2026-05-19,last_so,2026-06-16,0
50967,Affilié 046900 - Proxy Delhaize Rixensart,Affilié 046900 - Proxy Delhaize Rixensart,Delhaize Le Lion S.A,Affilié 046900 - Proxy Delhaize Rixensart,Place du beau site 4,1330,Rixensart,+32 2 653 71 18,bd.proxyrixensart@gmail.com,Actif,no-message,B,28,8,3396.17,283.01,2025-08-29,2026-05-12,16,12/05/2026 (16j),2026-05-12,last_so,2026-06-09,0
2924,Distri-Incourt - Delhaize Incourt,Distri-Incourt - Delhaize Incourt,,Distri-Incourt - Delhaize Incourt,chaussée de Namur 89,1315,INCOURT,010/88.72.90,delhaizeincourt@gmail.com,Actif,no-message,B,28,8,3100.43,258.37,2025-07-22,2026-05-07,21,07/05/2026 (21j),2026-05-08,picking,2026-06-05,0
5484,,Carrefour Market Uccle Bascule,Carrefour Market Uccle Bascule,Carrefour Market Uccle Bascule,Chaussée de Waterloo 719,,1180,023 43 55 75,Carmen.bascule@gmail.com,Actif,no-message,B,28,6,2996.16,249.68,2025-07-09,2026-04-30,28,30/04/2026 (28j),2026-04-30,last_so,2026-05-28,0
9461,Affilié 048665 - Proxy Delhaize St Michel,Affilié 048665 - Proxy Delhaize St Michel,Delhaize Le Lion S.A,Affilié 048665 - Proxy Delhaize St Michel,Rue de l'Escadron 45,1040,Etterbeek,+32 2 733 51 66,roxy.proxysaintmichel@gmaill.com,Actif,no-message,B,28,9,2829.86,235.82,2025-08-06,2026-05-22,6,22/05/2026 (6j),2026-05-22,last_so,2026-06-19,0
113217,Affilié 045190 - Proxy Delhaize Maransart,Affilié 045190 - Proxy Delhaize Maransart,Delhaize Le Lion S.A,Affilié 045190 - Proxy Delhaize Maransart,"Route de l'Etat, 217",1380,Lasne,+32 2 633 13 25,Christelle.proxylasne@gmail.com,Actif,no-message,B,28,7,2719.1,226.59,2025-10-03,2026-05-22,6,22/05/2026 (6j),2026-05-22,last_so,2026-06-19,0
2821,Belgradis - Intermarché Belgrade,Belgradis - Intermarché Belgrade,,Belgradis - Intermarché Belgrade,"Allée des Ormes, 15",5001,BELGRADE,081260187,pdv09884@mousquetaires.com,Actif,warning,B,28,6,2700.98,225.08,2025-06-26,2026-05-13,15,13/05/2026 (15j),2026-05-13,last_so,2026-06-10,0
121874,INTERMADIS SA - Intermarché Hannut,INTERMADIS SA - Intermarché Hannut,,INTERMADIS SA - Intermarché Hannut,Rue de Hesbaye 1,4280,Hannut,+32 19 51 20 06,pdv95004@mousquetaires.com,Actif,no-message,B,28,4,2592.74,216.06,2026-03-06,2026-05-21,7,21/05/2026 (7j),2026-05-21,last_so,2026-06-18,0
59514,Affilié 049480 - Delhaize Welkenraedt,Affilié 049480 - Delhaize Welkenraedt,Delhaize Le Lion S.A,Affilié 049480 - Delhaize Welkenraedt,"Rue Gérard Delvoye, 3 A",4840,Welkenraedt,+32 87 88 04 29,magasin@adwelkenraedt.be,Actif,no-message,B,28,9,2583.57,215.3,2025-09-08,2026-05-21,7,21/05/2026 (7j),2026-05-21,last_so,2026-06-18,0
3000,JAMBIS SA - Intermarché Jambes,JAMBIS SA - Intermarché Jambes,,JAMBIS SA - Intermarché Jambes,"rue de la Poudrière, 14",5100,JAMBES,081306878,pdv09845@mousquetaires.com,Actif,no-message,B,28,8,2536.4,211.37,2025-06-26,2026-05-13,15,13/05/2026 (15j),2026-05-13,last_so,2026-06-10,0
2773,2u S.A. - Carrefour Market Ciney,2u S.A. - Carrefour Market Ciney,,2u S.A. - Carrefour Market Ciney,Rue du commerce 44,Ciney,5590,083 21 21 63,Contact@marketciney.be,Actif,no-message,B,28,9,2437.72,203.14,2025-06-02,2026-05-19,9,19/05/2026 (9j),2026-05-19,last_so,2026-06-16,0
119815,BARCHONEW SRL - Delhaize Barchon,BARCHONEW SRL - Delhaize Barchon,,BARCHONEW SRL - Delhaize Barchon,"Rue Champs de Tignée, 32",4671,Barchon,+32 4 362 27 33,adbarchon@proximus.be,Actif,no-message,B,28,6,2412.1,201.01,2026-01-14,2026-05-26,2,26/05/2026 (2j),2026-05-26,last_so,2026-06-23,0
2913,Affilié 043561 - AD Gembloux,Affilié 043561 - AD Gembloux,Delhaize Le Lion S.A,Delhaize Le Lion S.A,Chaussée de Wavre 42A,5030,Gembloux,081 61 38 44,delhaize.gembloux@gmail.com,Actif,no-message,B,28,8,2213.12,184.43,2025-07-28,2026-04-30,28,30/04/2026 (28j),2026-05-04,picking,2026-06-01,0
5442,Affilié 042955 - Delhaize Etalle,Affilié 042955 - Delhaize Etalle,Delhaize Le Lion S.A,Delhaize Le Lion S.A,Rue Belle-Vue 56,,Etalle,+32 63 60 82 50,laura.lobet@ad-etalle.be,Actif,no-message,B,28,6,2167.52,180.63,2025-06-11,2026-05-13,15,13/05/2026 (15j),2026-05-13,picking,2026-06-10,0
113498,Affilié 044471 - Delhaize Materne,Affilié 044471 - Delhaize Materne,Delhaize Le Lion S.A,Affilié 044471 - Delhaize Materne,Av. du Bourgmestre Jean Materne 109,5100,Namur,+32 81 30 16 88,info@gecodis.be,Actif,no-message,B,28,5,2116.89,176.41,2025-10-10,2026-05-13,15,13/05/2026 (15j),2026-05-13,last_so,2026-06-10,0
122091,Affilié 046780 - Delhaize Recogne,Affilié 046780 - Delhaize Recogne,Delhaize Le Lion S.A,Affilié 046780 - Delhaize Recogne,"Rue du Flosse, 6",6800,Libramont-Chevigny,+32 61 23 25 48,Nicole.Levieux@lionsretail.be,Actif,no-message,B,28,4,2103.41,175.28,2026-03-13,2026-05-27,1,27/05/2026 (1j),2026-05-27,last_so,2026-06-24,0
120499,Affilié 044305 - Delhaize Heusy,Affilié 044305 - Delhaize Heusy,Delhaize Le Lion S.A,Affilié 044305 - Delhaize Heusy,"Avenue de Spa, 66",4802,Heusy,+32 87 22 14 75,nicolas.crotteux@affiliatesdelhaize.be,Actif,no-message,B,28,3,1939.62,161.63,2026-01-30,2026-05-20,8,20/05/2026 (8j),2026-05-20,last_so,2026-06-17,0
5825,,CARREFOUR MARKET SHOPPING WOLUWE 1875  - Wdistri.SA,CARREFOUR MARKET SHOPPING WOLUWE 1875  - Wdistri.SA,CARREFOUR MARKET SHOPPING WOLUWE 1875  - Wdistri.SA,Rue Saint-Lambert 202,,Woluwe-saint-Lambert,022 61 13 60,wdistri1875@gmail.com,Actif,no-message,B,28,6,1907.21,158.93,2025-06-25,2026-04-30,28,30/04/2026 (28j),2026-04-30,last_so,2026-05-28,0
121194,DFH Market - Intermarché Liège Cointe,DFH Market - Intermarché Liège Cointe,,DFH Market - Intermarché Liège Cointe,Bd Gustave Kleyer 3,4000,Liège,+32 4 250 34 82,pdv09880@mousquetaires.com,Actif,no-message,B,28,4,1835.87,152.99,2026-02-16,2026-05-21,7,21/05/2026 (7j),2026-05-21,last_so,2026-06-18,0
7649,"Delhaize Le Lion S.A, Affilié 048900 - Ad Spa","Delhaize Le Lion S.A, Affilié 048900 - Ad Spa",,"Delhaize Le Lion S.A, Affilié 048900 - Ad Spa","AVENUE REINE ASTRID, 244",4900,spa,+32 87 79 52 10,info@addelhaizespa.be,Actif,no-message,B,28,8,1806.91,150.58,2025-07-04,2026-05-20,8,20/05/2026 (8j),2026-05-20,last_so,2026-06-17,0
113445,D-trois SRL - Proxy Delhaize Saint-Séverin,D-trois SRL - Proxy Delhaize Saint-Séverin,,D-trois SRL - Proxy Delhaize Saint-Séverin,"Route du Condroz, 243",4550,Nandrin,+32 4 372 09 85,amdessart@proxynandrin.be,Actif,no-message,B,28,7,1770.83,147.57,2025-10-09,2026-05-11,17,11/05/2026 (17j),2026-05-11,picking,2026-06-08,0
59558,Rosy Dis sprl - Carrefour Market La Chasse,Rosy Dis sprl - Carrefour Market La Chasse,,Rosy Dis sprl - Carrefour Market La Chasse,"Rue des champs, 39",1040,Bruxelles,+32 2 647 44 73,carrefourmarketlachasse@gmail.com,Actif,no-message,B,28,3,1386.72,115.56,2025-09-10,2026-05-22,6,22/05/2026 (6j),2026-05-22,last_so,2026-06-19,0
2864,Carrefour Market Bastogne - Pascalino,Carrefour Market Bastogne - Pascalino,,Carrefour Market Bastogne - Pascalino,route de Marche 149,Bastogne,6600,+32 61 21 23 42,carrefour091crepin@gmail.com,Actif,no-message,B,28,4,1344.86,112.07,2025-06-11,2026-05-27,1,27/05/2026 (1j),2026-05-27,last_so,2026-06-24,0
123303,Affilié 41092 - Delhaize Bertrix,Affilié 41092 - Delhaize Bertrix,Delhaize Le Lion S.A,Affilié 41092 - Delhaize Bertrix,Route des Gohineaux 2,6880,Bertrix,+32 61 41 27 36,manager@delhaizebertrix.be,Actif,no-message,B,28,2,1300.97,108.41,2026-04-29,2026-05-27,1,27/05/2026 (1j),2026-05-27,last_so,2026-06-24,0
121818,Carrefour Hyper de Ans,Carrefour Hyper de Ans,Carrefour Belgium - Corporate Village,Carrefour Belgium - Corporate Village,"Rue Jean Jaures, 33",4430,Ans,+32 4 239 87 11,Nathalie_denee@carrefour.com,Actif,no-message,B,28,2,919.34,76.61,2026-03-12,2026-05-22,6,22/05/2026 (6j),2026-05-22,picking,2026-06-19,0
123997,AD Delhaize Roodebeek,AD Delhaize Roodebeek,,AD Delhaize Roodebeek,"Chaussée De Roodebeek, 199",1200,Bruxelles,+32 2 779 56 03,info@delhaizeroodebeek.be,Actif,no-message,B,28,1,592.39,49.37,2026-05-27,2026-05-27,1,27/05/2026 (1j),2026-05-27,last_so,2026-06-24,0
123466,Digretail - Intermarché Braine-le-Comte Digues,Digretail - Intermarché Braine-le-Comte Digues,,Digretail - Intermarché Braine-le-Comte Digues,Rue des Digues 60,7090,Braine-le-Comte,+32 67 56 01 88,PDV09832@MOUSQUETAIRES.COM,Actif,warning,B,28,1,530.93,44.24,2026-05-05,2026-05-05,23,05/05/2026 (23j),2026-05-05,picking,2026-06-02,0
123346,Gemblouxim - Intermarché Gembloux,Gemblouxim - Intermarché Gembloux,,Gemblouxim - Intermarché Gembloux,Campagne d'Enée 1,5030,Gembloux,+32 81 61 01 43,PDV09844@MOUSQUETAIRES.COM,Actif,no-message,B,28,1,530.93,44.24,2026-04-30,2026-04-30,28,30/04/2026 (28j),2026-05-04,picking,2026-06-01,0
123069,Carrefour Market Bievre,Carrefour Market Bievre,Carrefour Belgium - Corporate Village,Carrefour Market Bievre,Rue de Bouillon 106,5555,Bièvre,,sylvieh830@gmail.com,Actif,no-message,B,28,3,454.98,37.91,2026-04-23,2026-05-13,15,13/05/2026 (15j),2026-05-13,last_so,2026-06-10,0
123345,BLONFOOD SA - Intermarché Liège Blonden,BLONFOOD SA - Intermarché Liège Blonden,,BLONFOOD SA - Intermarché Liège Blonden,Avenue Blonden 26,4000,Liège,+32 4 229 34 98,PDV09874@MOUSQUETAIRES.COM,Actif,no-message,B,28,1,442.48,36.87,2026-04-30,2026-04-30,28,30/04/2026 (28j),2026-05-04,picking,2026-06-01,0
123966,Intermarché Mons,Intermarché Mons,,Intermarché Mons,Chemin de la Procession 399,7000,Mons,+32 65 39 48 11,pdv95019@mousquetaires.com,Actif,no-message,B,28,1,305.09,25.42,2026-05-26,2026-05-26,2,26/05/2026 (2j),2026-05-26,last_so,2026-06-23,0
123964,Intermarché Rumes - Hainaut,Intermarché Rumes - Hainaut,,Intermarché Rumes - Hainaut,Chaussée de Douai 1bis,7610,Rumes,+32 69 34 31 88,pdv04733@mousquetaires.com,Actif,no-message,B,28,1,305.09,25.42,2026-05-26,2026-05-26,2,26/05/2026 (2j),2026-05-26,last_so,2026-06-23,0
123844,Louis Delhaize - Haversin,Louis Delhaize - Haversin,,Louis Delhaize - Haversin,Rue de Barvaux 141,5590,Haversin,+32 83 69 95 01,cyanar@live.be,Actif,no-message,B,28,1,305.09,25.42,2026-05-20,2026-05-20,8,20/05/2026 (8j),2026-05-20,picking,2026-06-17,0
123842,Spar Barvaux,Spar Barvaux,,Spar Barvaux,Route de Marche 41,6940,Durbuy,+32 86 21 27 21,spar.barvaux@gmail.com,Actif,no-message,B,28,1,305.09,25.42,2026-05-20,2026-05-20,8,20/05/2026 (8j),2026-05-20,picking,2026-06-17,0
5752,,Intermarché Forest - FREYARVOR,Intermarché Forest - FREYARVOR,Intermarché Forest - FREYARVOR,Chaussée D'alsemberg 303 309,,Forest,023464614,PDV09842@mousquetaires.com,Actif,no-message,C,42,3,963.72,80.31,2025-07-16,2026-04-17,41,17/04/2026 (41j),2026-04-17,last_so,2026-05-29,0
5830,,Proxy Delhaize Bosvoorde - SPRL BROOMCORNER,Proxy Delhaize Bosvoorde - SPRL BROOMCORNER,Proxy Delhaize Bosvoorde - SPRL BROOMCORNER,Chaussée de la Hulpe 255,1170,Watermael-Boitsfort,02 672 33 99,Youbech.mesli@gmail.com,Actif,no-message,C,42,3,933.82,77.82,2026-02-11,2026-05-12,16,12/05/2026 (16j),2026-05-12,last_so,2026-06-23,0
6598,Carrefour Market Boondael,Carrefour Market Boondael,Carrefour Belgium - Corporate Village,Carrefour Belgium - Corporate Village,Chaussée de Boondael 444,1050,Ixelles,+32 2 627 05 11,NICOLAS_DEHON@CARREFOUR.COM,Actif,no-message,C,42,3,828.2,69.02,2025-08-05,2026-05-12,16,12/05/2026 (16j),2026-05-12,picking,2026-06-23,0
120035,Good 4 Food SRL - Proxy Delhaize Linthout,Good 4 Food SRL - Proxy Delhaize Linthout,,Good 4 Food SRL - Proxy Delhaize Linthout,Av Georges Henri 481,1200,Woluwe St Lambert,+32 2 735 06 90,proxylinthout@gmail.com,Actif,no-message,C,42,3,805.71,67.14,2026-01-19,2026-05-22,6,22/05/2026 (6j),2026-05-22,last_so,2026-07-03,0
121196,Carrefour market Angleur (Belle-Ile),Carrefour market Angleur (Belle-Ile),Carrefour Belgium - Corporate Village,Carrefour Belgium - Corporate Village,"Quai des Vennes, 1",4020,Liège,+32 4 344 82 11,nicolas_beroudiaux@carrefour.com,Actif,no-message,C,42,2,792.52,66.04,2026-02-16,2026-05-27,1,27/05/2026 (1j),2026-05-28,picking,2026-07-09,0
115578,Affilié 040299 - Delhaize Andenne,Affilié 040299 - Delhaize Andenne,Delhaize Le Lion S.A,Affilié 040299 - Delhaize Andenne,Av. Roi Albert 135A,5300,Andenne,+32 85 41 19 81,romain975@hotmail.com,Actif,no-message,C,42,3,789.27,65.77,2025-11-19,2026-05-19,9,19/05/2026 (9j),2026-05-19,last_so,2026-06-30,0
121054,Sadel Trade - AD Delhaize Jodoigne,Sadel Trade - AD Delhaize Jodoigne,,Sadel Trade - AD Delhaize Jodoigne,Chaussée de Wavre 90 c,1370,Jodoigne,+32 10 84 03 19,david.adjodoigne@gmail.com,Actif,no-message,C,42,2,729.02,60.75,2026-02-18,2026-05-11,17,11/05/2026 (17j),2026-05-15,picking,2026-06-26,0
120933,VGS Company - Carrefour Express Rhode-Saint-Genèse,VGS Company - Carrefour Express Rhode-Saint-Genèse,,VGS Company - Carrefour Express Rhode-Saint-Genèse,Chaussée de Waterloo 230,1640,Rhode-Saint-Genèse,+32 2 466 68 41,carrefour.express.rsg@gmail.com,Actif,no-message,X,90,2,217.92,18.16,2026-02-09,2026-04-16,42,16/04/2026 (42j),2026-04-16,last_so,2026-07-15,0
3116,Magbraine.SA - Intermarché Braine L’alleud,Magbraine.SA - Intermarché Braine L’alleud,,Magbraine.SA - Intermarché Braine L’alleud,"Place Saint-Sébastien 15,",1420,Braine-l'Alleud,023 84 09 28,pdv09848@mousquetaires.com,Arret,block,C,42,1,878.28,73.19,2025-07-09,2025-07-09,323,09/07/2025 (323j),2025-07-09,last_so,2025-08-20,281
7883,Carrefour Market Bertrix-Srl Virdo- Loic Sprumont,Carrefour Market Bertrix-Srl Virdo- Loic Sprumont,,Carrefour Market Bertrix-Srl Virdo- Loic Sprumont,Place des 3 Fers 23,6880,BERTRIX,+32 61 41 10 84,l.sprumont@marketbertrix.be,Arret,block,X,90,1,269.46,22.45,2025-09-11,2025-09-11,259,11/09/2025 (259j),2025-09-11,last_so,2025-12-10,169
5539,Affilié 042405 - Delhaize Defré,Affilié 042405 - Delhaize Defré,Delhaize Le Lion S.A,Affilié 042405 - Delhaize Defré,"Avenue De Fré, 94",,Uccle,023 74 41 75,defre42405@gmail.com,Arret,block,C,42,3,729.71,60.81,2025-06-25,2025-10-30,210,30/10/2025 (210j),2025-10-30,last_so,2025-12-11,168
2923,Disesm Sa - Intermarché Bois De Villers,Disesm Sa - Intermarché Bois De Villers,,Disesm Sa - Intermarché Bois De Villers,rue Binamé  Bajart 1,5170,BOIS-DE-VILLERS,081435153,pdv02841@mousquetaires.com,Arret,block,B,28,4,1343.89,111.99,2025-06-02,2025-12-01,178,01/12/2025 (178j),2025-12-01,last_so,2025-12-29,150
2925,Distrifresh SRL - Intermarché Andenne,Distrifresh SRL - Intermarché Andenne,,Distrifresh SRL - Intermarché Andenne,"Avenue de Belle Mine, 7",5300,Andenne,085/849125,bureau.andenne@mestdagh.be,Arret,block,B,28,7,2347.12,195.59,2025-06-17,2025-12-15,164,15/12/2025 (164j),2025-12-15,last_so,2026-01-12,136
116724,VDK FOOD RETAIL - Intermarché Uccle,VDK FOOD RETAIL - Intermarché Uccle,,VDK FOOD RETAIL - Intermarché Uccle,Rue Vanderkindere 121,1180,Uccle,+32 2 219 23 16,PDV09872@mousquetaires.com,Arret,block,C,42,2,688.92,57.41,2025-12-03,2025-12-03,176,03/12/2025 (176j),2025-12-04,picking,2026-01-15,133
2776,AL DISTRIBUTION - Intermarché Monnaie,AL DISTRIBUTION - Intermarché Monnaie,,,Rue de l'Evêque 30,1000,Bruxelles,028999265,PDV09926@mousquetaires.com,Arret,block,X,90,0,0.0,0.0,,,,Jamais commandé,,,,0
2845,CAP GOZEE - Intermarché Gozée,CAP GOZEE - Intermarché Gozée,,,"Rue de Marchienne, 204",6534,GOZEE,071519979,pdv09849@mousquetaires.com,Arret,block,X,90,0,0.0,0.0,,,,Jamais commandé,,,,0
2850,COUDIS SA - Intermarché Couillet,COUDIS SA - Intermarché Couillet,,,"Route de Philippeville, 319",6010,COUILLET,071471126,pdv09867@mousquetaires.com,Arret,block,X,90,0,0.0,0.0,,,,Jamais commandé,,,,0
7006,Carrefour Market Genval,Carrefour Market Genval,,,Rue de la Bruyère 215,1332,Rixensart,,kevin.besnard@yahoo.be,Arret,block,X,90,0,0.0,0.0,,,,Jamais commandé,,,,0
2910,DelHaccourt SRL - Delhaize Haccourt,DelHaccourt SRL - Delhaize Haccourt,,,Avenue Reine Fabiola 27,4684,Haccourt,043795572,Flamur.Vitija@affiliatesdelhaize.be,Arret,block,X,90,0,0.0,0.0,,,,Jamais commandé,,,,0
5427,Affilié 040270 - Delhaize Alsemberg,Affilié 040270 - Delhaize Alsemberg,Delhaize Le Lion S.A,Delhaize Le Lion S.A,Steenweg Op Eigenbrakel 34,,Alsemberg,0496 04 14 29,023 81 31 38,Arret,block,X,90,0,0.0,0.0,,,,Jamais commandé,,,,0
5645,Affilié 041395 - Delhaize Braine l'Alleud,Affilié 041395 - Delhaize Braine l'Alleud,Delhaize Le Lion S.A,Delhaize Le Lion S.A,Rue de la Graignette 5,,Braine-l'Alleud,023 87 43 75,jenverast@gmail.com,Arret,block,X,90,0,0.0,0.0,,,,Jamais commandé,,,,0
5446,Affilié 043185 - AD Fort Jaco,Affilié 043185 - AD Fort Jaco,Delhaize Le Lion S.A,Delhaize Le Lion S.A,Chaussée de Waterloo 1363,,Uccle,02/372.11.01,admin@delhaize-fortjaco.be,Arret,block,X,90,0,0.0,0.0,,,,Jamais commandé,,,,0
5686,Affilié 043870 - Delhaize Hankar,Affilié 043870 - Delhaize Hankar,Delhaize Le Lion S.A,Delhaize Le Lion S.A,"Clos Lucien Outers, 1",,Auderghem,02/734 13 04,lionhankar@gmail.com,Arret,block,X,90,0,0.0,0.0,,,,Jamais commandé,,,,0
5772,Affilié 044765 - Delhaize Léopold III,Affilié 044765 - Delhaize Léopold III,Delhaize Le Lion S.A,Delhaize Le Lion S.A,Rue de Genève 2,,Evere,027 05 46 35,Rodolphe@delhaize-leopold3.be,Arret,block,X,90,0,0.0,0.0,,,,Jamais commandé,,,,0
5543,Affilié 045630 - Delhaize Mozart,Affilié 045630 - Delhaize Mozart,Delhaize Le Lion S.A,Delhaize Le Lion S.A,Chaussée d'Alsemberg 505,,Bruxelles,023 45 75 53,Delhaizemozart@gmail.com,Arret,block,X,90,0,0.0,0.0,,,,Jamais commandé,,,,0
5573,Affilié 049385 - Delhaize Waterloo,Affilié 049385 - Delhaize Waterloo,Delhaize Le Lion S.A,Delhaize Le Lion S.A,"Boulevard Henri Rolin, 7",,Waterloo,02 351 32 42,Fournisseurs.delwate@outlook.com,Arret,block,X,90,0,0.0,0.0,,,,Jamais commandé,,,,0
3212,SA LAMBUSIM - Intermarché Lambusart,SA LAMBUSIM - Intermarché Lambusart,,,"rue du Wainage, 236/1",6220,Lambusart,071814358,pdv09857@mousquetaires.com,Arret,block,X,90,0,0.0,0.0,,,,Jamais commandé,,,,0
3213,SA MOFER - Intermarché Eghezée,SA MOFER - Intermarché Eghezée,,,"Chaussée de Louvain, 64",5310,EGHEZEE,081445204,pdv09877@mousquetaires.com,Arret,block,X,90,0,0.0,0.0,,,,Jamais commandé,,,,0
