TemplateType=Offer	Version=2018.0731
sku	product-id	product-id-type	price	item-condition	quantity	add-delete
05V0205	B0BYSJRH6Z	1	47.47	11	0	a
05V0600	B0BYSL811M	1	47.47	11	0	a
05V0601	B0BV8J6M2R	1	47.47	11	0	a
05V0617	B0BYSMPFWS	1	47.47	11	0	a
05V0628	B0BV6NW1P4	1	47.47	11	0	a
05V0631	B0BYSLS3VM	1	47.47	11	0	a
05V0635	B0BV86DSTK	1	47.47	11	0	a
05V0685	B0BYSLWF5H	1	47.47	11	0	a
05V0717	B0BV8NV4R6	1	47.47	11	0	a
05V0723	B0BV6NJK95	1	47.47	11	0	a
05V0734	B0BV6MDMM4	1	47.47	11	0	a
05V0767	B0BYSN5YBM	1	47.47	11	0	a
05V0808	B0BYSPFSTF	1	47.47	11	0	a
05V0813	B0BYSLK91P	1	47.47	11	0	a
05V0821	B0BYSP5Y6W	1	47.47	11	0	a
05V0832	B0BYSKCGP2	1	47.47	11	0	a
05V0837	B0BYSLRHD8	1	47.47	11	0	a
05V0839	B0BYSJXGQB	1	47.47	11	0	a
05V0841	B0BYSL657D	1	47.47	11	0	a
05V0842	B0BYSLX884	1	47.47	11	0	a
05V0845	B0BYSKKJZT	1	47.47	11	0	a
05V0848	B0BYSP2ZDS	1	47.47	11	0	a
05V0852	B0BVCLGX4F	1	47.47	11	0	a
05V0868	B0BYSKQWCK	1	47.47	11	0	a
05V0878	B0BYSLK1CT	1	47.47	11	0	a
05V0880	B0BYTLFSS1	1	47.47	11	0	a
A0260	B00213EOCE	1	6.86	11	0	a
A0261	B01DH0EDXO	1	6.33	11	0	a
A0271	B007OSS5OE	1	6.22	11	0	a
A0274	B007OSRTMI	1	3.69	11	0	a
A0297	B0C1KYQS6P	1	17.93	11	0	a
A0510	B0D1VL5CYS	1	10.55	11	0	a
A0511	B084DC9XTX	1	9.49	11	0	a
A0557	B0081S6A16	1	42.20	11	0	a
A0577	B07VHLTPDD	1	179.35	11	0	a
A1065	B08T7QFGNQ	1	14.72	11	0	a
A1074	B07D4M3ZMM	1	15.77	11	0	a
A1099	B00QIV253K	1	28.48	11	0	a
A1100	B07VD3MP9D	1	36.92	11	0	a
A1104	B0DT6X5M9W	1	26.38	11	0	a
A1105	B0DT6ZSFDD	1	26.38	11	0	a
A1106	B09X1QF7FF	1	10.55	11	0	a
A1132	B0CC27CFXS	1	42.20	11	0	a
A1135	B0GKB7M9VZ	1	42.20	11	0	a
A1136	B08DP22SGN	1	17.83	11	0	a
GI0634	B0CJCL1YF1	1	8.97	11	0	a
GI0735	B0CJG1KX1C	1	8.97	11	0	a
I0257	B0BV6LJGM9	1	11.60	11	0	a
I0280	B0BV6PQ7DM	1	11.60	11	0	a
I0287	B0BV6Q3NTV	1	11.60	11	0	a
I0313	B0BV6LQW45	1	9.49	11	0	a
I0340	B0BVGT24PD	1	11.60	11	0	a
I0376	B0BYJL69HF	1	11.60	11	0	a
I0483	B0BV6NX4MC	1	11.60	11	0	a
I0600	B0BV6MHZZT	1	11.60	11	0	a
I0601	B0BV6PK8XF	1	11.60	11	0	a
I0607	B0BV6PFTRY	1	11.60	11	0	a
I0608	B0BVCXWZ8Y	1	11.60	11	0	a
I0610	B0BV6NXP9J	1	11.60	11	0	a
I0617	B0BV6P5B2V	1	11.60	11	0	a
I0631	B0BYSHR24Z	1	11.60	11	0	a
I0632	B0BV6NCJXC	1	11.60	11	0	a
I0634	B0BV6PG74M	1	11.60	11	0	a
I0638	B0BYSJ835G	1	11.60	11	0	a
I0681	B0BYSK3MJX	1	11.60	11	0	a
I0685	B0BV6LLMZT	1	13.71	11	0	a
I0700	B0BV6MPTRZ	1	11.60	11	0	a
I0710	B0BV6L6W2P	1	11.60	11	0	a
I0727	B0BV6PHHFM	1	11.60	11	0	a
I0729	B0BV6NCKTZ	1	13.71	11	0	a
I0742	B0BV6L8WKX	1	11.60	11	0	a
I0752	B0BV6MCCYY	1	11.60	11	0	a
I0767	B0BV6QP8BM	1	11.60	11	0	a
I0772	B0BV6MQHP8	1	11.60	11	0	a
I0773	B0BVGSHJC7	1	11.60	11	0	a
I0775	B0C1DP5C16	1	11.60	11	0	a
I0778	B0BZ2D126R	1	11.60	11	0	a
I0793	B0BV6N4X2H	1	11.60	11	0	a
I0794	B0BV6NH9DY	1	11.60	11	0	a
I0796	B0BV6PXQ84	1	11.60	11	0	a
I0807	B0BV6PCVBM	1	11.60	11	0	a
I0808	B0BV6NHY1R	1	8.33	11	0	a
I0813	B0BV6LSG7Z	1	11.60	11	0	a
I0816	B0BVDC6Y4M	1	13.71	11	0	a
I0820	B0BV6Q27HL	1	11.60	11	0	a
I0821	B0BV6NTBCV	1	11.60	11	0	a
I0822	B0BV8LCV3Y	1	11.60	11	0	a
I0826	B0BV6N6XKL	1	11.60	11	0	a
I0828	B0BV6LQJWW	1	11.60	11	0	a
I0829	B0BV6JN1K8	1	11.60	11	0	a
I0832	B0BV6L3FYQ	1	11.60	11	0	a
I0836	B0BV6MRQ1N	1	11.60	11	0	a
I0837	B0BV6NCPG9	1	11.60	11	0	a
I0838	B0BV6LXR4S	1	11.60	11	0	a
I0839	B0BV6LVFRM	1	11.60	11	0	a
I0841	B0BV6LXR7C	1	11.60	11	0	a
I0842	B0BV6PCX9F	1	11.60	11	0	a
I0845	B0BV6PH18H	1	11.60	11	0	a
I0847	B0BV6N1TF7	1	11.60	11	0	a
I0858	B0BV6PFTTC	1	11.60	11	0	a
I0859	B0BV6PDLDB	1	11.60	11	0	a
I0863	B0BV8BF9NT	1	11.60	11	0	a
I0865	B0BV6MXCLD	1	11.60	11	0	a
I0866	B0BV6L5SVS	1	11.60	11	0	a
I0869	B0BV6Q17NC	1	11.60	11	0	a
I0870	B0BVCWVS9W	1	11.60	11	0	a
I0872	B0BV6Q27J4	1	11.60	11	0	a
I0874	B0BVC89DM3	1	11.60	11	0	a
I0875	B0BV6MMN77	1	11.60	11	0	a
I0879	B0BV6LWMCS	1	11.60	11	0	a
I0885	B0BV6M6J33	1	11.60	11	0	a
I0887	B0BV6LSG7X	1	11.60	11	0	a
I0890	B0BV6P7W41	1	11.60	11	0	a
I0897	B0BV6L6M2G	1	13.71	11	0	a
I0900	B0BYSL6GV2	1	11.60	11	0	a
V0044	B0BV6LK9NQ	1	10.55	11	0	a
V0121	B0BV6N1BN8	1	10.55	11	0	a
V0205	B0BVNR4X6Q	1	10.55	11	0	a
V0257	B0BV6M19FD	1	10.55	11	0	a
V0267	B0BV6P9CYX	1	10.55	11	0	a
V0280	B0BV6NDBLZ	1	10.55	11	0	a
V0287	B0BV6LLFTC	1	10.55	11	0	a
V0299	B0BV6LZR15	1	13.71	11	0	a
V0301	B0BV8BMQC8	1	10.55	11	0	a
V0303	B0BV6Q5V38	1	10.55	11	0	a
V0340	B0BV8KRMZ3	1	10.55	11	0	a
V0376	B0BV6QCBHL	1	10.55	11	0	a
V0483	B0BV8PYT7C	1	10.55	11	0	a
V0600	B0BV6LD8VM	1	10.55	11	0	a
V0601	B0BV6LMMLK	1	10.55	11	0	a
V0607	B0BV6MF46Y	1	10.55	11	0	a
V0608	B0BV6LXR5G	1	10.55	11	0	a
V0610	B0BVPCK94X	1	10.55	11	0	a
V0615	B0BZB8NMYD	1	50.11	11	0	a
V0617	B0BV6LTNHR	1	10.55	11	0	a
V0628	B0BV6L8QW4	1	10.55	11	0	a
V0631	B0BV6LVS9C	1	10.55	11	0	a
V0632	B0BV6N8F1W	1	10.55	11	0	a
V0634	B0BV6P9FL5	1	10.55	11	0	a
V0635	B0BV6MJ2DB	1	10.55	11	0	a
V0638	B0BZ2GTMRY	1	10.55	11	0	a
V0664	B0BV6MLF9Z	1	10.55	11	0	a
V0666	B0BV6MPHP4	1	10.55	11	0	a
V0669	B0BVCXFBQH	1	9.49	11	0	a
V0681	B0BV8FQJ4H	1	10.55	11	0	a
V0700	B0BV6PGGCR	1	10.55	11	0	a
V0710	B0BV6NLPZV	1	13.71	11	0	a
V0723	B0BV6LV6GP	1	10.55	11	0	a
V0727	B0BV8QK124	1	10.55	11	0	a
V0728	B0BV6KF7FX	1	10.55	11	0	a
V0729	B0BV6MSLD5	1	11.60	11	0	a
V0732	B0BVD7MM4V	1	6.33	11	0	a
V0734	B0BV6P4PLM	1	10.55	11	0	a
V0735	B0BV89VS3K	1	10.55	11	0	a
V0737	B0BV6NLC4C	1	10.55	11	0	a
V0742	B0BV6NLD2X	1	10.55	11	0	a
V0751	B0BVDG2CCG	1	10.55	11	0	a
V0767	B0BV6K5HKH	1	10.55	11	0	a
V0772	B0BV6ML8DW	1	10.55	11	0	a
V0773	B0BVGSBRHX	1	10.55	11	0	a
V0775	B0BZQP5G6Y	1	10.55	11	0	a
V0778	B0BYSKF3RK	1	10.55	11	0	a
V0788	B0BV6N75YH	1	18.99	11	0	a
V0793	B0BV6NQDL4	1	10.55	11	0	a
V0794	B0BV6PCXJZ	1	10.55	11	0	a
V0796	B0BV6LLFTJ	1	10.55	11	0	a
V0807	B0BVCLMPK2	1	10.55	11	0	a
V0808	B0BV6N7JVS	1	8.33	11	0	a
V0813	B0BVCZBMM5	1	10.55	11	0	a
V0816	B0BV6N1ZD5	1	11.60	11	0	a
V0820	B0BVD94KY6	1	10.55	11	0	a
V0821	B0BV6LR2GX	1	10.55	11	0	a
V0822	B0BV6PH3TR	1	10.55	11	0	a
V0825	B0BV6KRZJ4	1	10.55	11	0	a
V0826	B0BV6L4S4Y	1	10.55	11	0	a
V0829	B0BV6P5J9H	1	10.55	11	0	a
V0832	B0BV6LTMGM	1	10.55	11	0	a
V0834	B0BV6M5KV7	1	10.55	11	0	a
V0835	B0BV6N7L35	1	10.55	11	0	a
V0837	B0BV87ZHSB	1	10.55	11	0	a
V0838	B0BV6M6N89	1	10.55	11	0	a
V0839	B0BYSJZF6J	1	10.55	11	0	a
V0841	B0BV6N76V1	1	10.55	11	0	a
V0842	B0BV6MKDQM	1	10.55	11	0	a
V0843	B0BV6PQ8Y8	1	18.99	11	0	a
V0845	B0BV6NBCQG	1	10.55	11	0	a
V0847	B0BV6NSLCR	1	10.55	11	0	a
V0859	B0BV6NMWX8	1	10.55	11	0	a
V0863	B0BYSP33YF	1	10.55	11	0	a
V0865	B0BV6P6GKS	1	10.55	11	0	a
V0867	B0BVD3VM7P	1	10.55	11	0	a
V0868	B0BYSJ285F	1	10.55	11	0	a
V0869	B0BV8S7ZKJ	1	13.71	11	0	a
V0872	B0BV6LHKFL	1	13.71	11	0	a
V0875	B0BV6MXHHT	1	10.55	11	0	a
V0879	B0BV6MG53B	1	10.55	11	0	a
V0885	B0BV6LJJGV	1	10.55	11	0	a
V0887	B0BV6L5KL6	1	10.55	11	0	a
V0889	B0BV6NKTJJ	1	10.55	11	0	a
V0891	B0BV6LGTM3	1	6.33	11	0	a
V0895	B0BVGRN6BY	1	21.10	11	0	a
V0897	B0BV6QNJBN	1	11.60	11	0	a
V0899	B0BV6P4BQF	1	10.55	11	0	a
V0900	B0BV6PMZ7F	1	10.55	11	0	a
V0905	B0G497PSDP	1	6.33	11	0	a
