pid,magasin,zip,city,street,phone,mobile,email,contact_name,contact_function,contact_phone,contact_email,dist_km,dist_src,n_refs,so_count_12m,revenue_12m,avg_mois,last_order,days_since,median_interval,target_interval,cadence_src,next_call,overdue_days,urgency,last_refus,last_nrp,impl_date,suivi_impl,reason,top_products,notes
113974,Carrefour Market Eupen Herbesthalerstrasse,4700,Eupen,Rue de Herbesthal 203,+32 87 21 30 30,,info@hypermarketeupen.be,,,+32 87 21 30 30,info@hypermarketeupen.be,62,zip,19,2,756,63,2025-10-20,301,0,28,demarrage (1 cmd),2025-11-17,273,10.75,,,,,eloigne,[EM0072] SRP Kraft Horeca (x16); [I0279] Le panier de grand maman (20 infusettes) (x6); [I0832] La Nana de Wépion (20 infusettes) (x6); [I0301] Tisane tropicale (20 infusettes) (x6); [I0880] Blue Earl Grey BIO (20 infusettes) (x6); [I0878] Guarana Boost (20 infusettes) (x6); [I0735] Pêche de vigne - BIO (20 infusettes) (x6); [I0751] I love you (20 infusettes) (x6),--- Remarques merchandiser (import Sheet) --- 📍 Carrefour Market Eupen Herbesthalerstrasse Contact merchandiser: Sarah
8339,Carrefour Market Braine-l'Alleud,1420,Braine-l'alleud,Pl. du Môle 25,,,,,,,,81,zip,7,1,370,31,2025-11-06,284,,28,demarrage (1 cmd),2025-12-04,256,10.14,,,,,petit assortiment + eloigne,[V0711] Offrande des Rois Mages (100 g vrac) (x10); [V0732] Gourmandise de Noël (100 g vrac) (x10); [V0803] Le thé de la Mère Noël (100 g vrac) (x10); [V0891] Trésor des lutins (100 g vrac) (x10); [I0735] Pêche de vigne - BIO (20 infusettes) (x8); [I0880] Blue Earl Grey BIO (20 infusettes) (x4); [I0751] I love you (20 infusettes) (x2),--- Remarques merchandiser (import Sheet) --- 📍 Carrefour Market Braine-l'Alleud 2 visites sans commande j'ai augmenté le délais de visite à 56 jours
120762,Spirec SRL - Carrefour Express CHIREC,1160,Auderghem,"Boulevard du Triomphe, 201",+32 2 280 40 49,,express.chirec@gmail.com,Gaspard Daxhelet,,+32 470 30 45 45,express.chirec@gmail.com,87,zip,7,1,354,29,2026-02-05,193,,28,demarrage (1 cmd),2026-03-05,165,6.89,,,,,petit assortiment + eloigne,[I0631] Le thé des amoureux (20 infusettes) (x8); [I0880] Blue Earl Grey BIO (20 infusettes) (x8); [I0751] I love you (20 infusettes) (x8); [I0735] Pêche de vigne - BIO (20 infusettes) (x8); [I0279] Le panier de grand maman (20 infusettes) (x8); [V0832] La Nana de Wépion (100 g vrac) (x8); [EM0072] SRP Kraft Horeca (x6),--- Remarques merchandiser (import Sheet) --- 📍 Carrefour Express CHIREC Contact merchandiser: Gaspard Daxhelet --- [APPEL ONLY — NE PAS VISITER — décision Nicolas 2026-05-20] --- Magasin trop petit pour justifier visite merchandiser Gilles. Réassort à organiser par APPEL TÉLÉPHONIQUE périodique dep
120986,Carrefour express Petits Champs,1410,Waterloo,"CHAUSSEE DE BRUXELLES, 6",+32 2 354 35 22,,cvg0973@hotmail.com,,,+32 2 354 35 22,cvg0973@hotmail.com,81,zip,4,1,243,20,2026-02-11,187,,28,demarrage (1 cmd),2026-03-11,159,6.68,,,,,petit assortiment + eloigne,[I0631] Le thé des amoureux (20 infusettes) (x8); [I0279] Le panier de grand maman (20 infusettes) (x8); [I0735] Pêche de vigne - BIO (20 infusettes) (x8); [I0880] Blue Earl Grey BIO (20 infusettes) (x8),--- Remarques merchandiser (import Sheet) --- 📍 Carrefour express Petits champs Contact merchandiser: Mr Serge Voir pour le suivi merchandiser car que 4 référence en magasin
5899,Affilié 040290 - AD Andenne,5300,Andenne,Avenue Roi Albert 135A,+32 85 41 19 81,,proxystema@gmail.com,,,+32 85 41 19 81,proxystema@gmail.com,30,zip,8,2,552,46,2026-02-13,185,37,28,historique resserre,2026-03-13,157,6.61,,,,,petit assortiment,[I0832] La Nana de Wépion (20 infusettes) (x14); [I0735] Pêche de vigne - BIO (20 infusettes) (x12); [I0723] Namasté BIO (20 infusettes) (x11); [I0279] Le panier de grand maman (20 infusettes) (x11); [I0628] Oasis du désert - BIO (20 infusettes) (x10); [I0631] Le thé des amoureux (20 infusettes) (x10); [I0600] La lampe merveilleuse (20 infusettes) (x6); [I0635] Silhouette (20 infusettes) (x2),
113997,"Carrefour Belgium - Corporate Village, Carrefour Market City 2",1000,Bruxelles,Rue Neuve 123,+32 2 226 66 11,,constance_havet@carrefour.com,,,+32 2 226 66 11,constance_havet@carrefour.com,94,zip,14,3,759,63,2026-02-11,187,56.5,35,historique resserre,2026-03-18,152,5.34,,,,,eloigne,[V0628] Oasis du désert - BIO (100 g vrac) (x12); [V0751] I love you (80 g vrac) (x12); [V0832] La Nana de Wépion (100 g vrac) (x12); [V0631] Le thé des amoureux (80 g vrac) (x9); [V0626] Sencha - BIO (100 g vrac) (x8); [V0600] La lampe merveilleuse (100 g vrac) (x8); [V0878] Guarana Boost (100 g vrac) (x8); [V0279] Le panier de grand maman (80 g vrac) (x8),--- Remarques merchandiser (import Sheet) --- 📍 Carrefour Market City 2 Contact merchandiser: Mme Havet ou Laurent Schayes demander Mme Havet ou Laurent Schayes - Pas de visite le vendredi - se présenter de 6h à 12h30
3191,Proxy Delhaize Bosvoorde - SPRL BROOMCORNER,1170,Watermael-Boitsfort,Chaussée de la Hulpe 255,02 672 33 99,0472 50 05 21,Youbech.mesli@gmail.com,Monsieur Sam,,0486 45 07 56,Youbech.mesli@gmail.com,87,zip,16,3,934,78,2026-05-12,97,45.0,34,historique resserre,2026-06-15,63,2.85,,2026-08-10,,,eloigne,[I0279] Le panier de grand maman (20 infusettes) (x14); [I0832] La Nana de Wépion (20 infusettes) (x13); [I0735] Pêche de vigne - BIO (20 infusettes) (x12); [I0723] Namasté BIO (20 infusettes) (x11); [I0631] Le thé des amoureux (20 infusettes) (x10); [I0121] Lady Dodo (20 infusettes) (x10); [I0880] Blue Earl Grey BIO (20 infusettes) (x9); [GI0832] La Nana de Wépion glacée (x8),"[APPEL 2026-07-03 NRP] (Vanessa télévente) --- Remarques merchandiser (import Sheet) --- 📍 Proxy Delhaize Bosvoorde - / Watermael bois fort Ok suivi Merchandiser une fois par mois. Demander Youssef, Mélissa ou Saïd [APPEL 2026-06-25 NRP] injoignable [APPEL 2026-07-14 NRP] (injoignable - note Vanessa"
2963,GENADIS - Intermarché Genappe,1470,Genappe,Rue Louis Lalieux 22,067 78 02 50,,pdv09846@mousquetaires.com,,,067 78 02 50,pdv09846@mousquetaires.com,70,zip,16,3,1002,84,2026-03-25,145,81.5,35,historique resserre,2026-07-22,26,1.74,2026-06-17,2026-08-12,,,eloigne,[I0205] Etoiles filantes (20 infusettes) (x17); [I0735] Pêche de vigne - BIO (20 infusettes) (x17); [I0600] La lampe merveilleuse (20 infusettes) (x13); [I0751] I love you (20 infusettes) (x12); [I0626] Sencha - BIO (20 infusettes) (x10); [I0631] Le thé des amoureux (20 infusettes) (x9); [I0279] Le panier de grand maman (20 infusettes) (x9); [I0878] Guarana Boost (20 infusettes) (x8),[APPEL 2026-06-17 REFUS] [APPEL 2026-08-05 NRP] (rappeler vendredi - note Vanessa) [APPEL 2026-08-12 NRP] (RAPPELER VENDREDI MATIN - note Vanessa)
6598,Carrefour Market Boondael - 5400102101172,1050,Ixelles,Chaussée de Boondael 444,+32 2 627 05 11,,NICOLAS_DEHON@CARREFOUR.COM,,,+32 2 627 05 11,NICOLAS_DEHON@CARREFOUR.COM,91,zip,18,3,1692,141,2026-06-18,60,47.0,35,historique resserre,2026-07-23,25,1.71,,2026-08-12,,,eloigne,[I0600] La lampe merveilleuse (20 infusettes) (x18); [V0895] Matcha japonais (x18); [I0121] Lady Dodo (20 infusettes) (x12); [I0205] Etoiles filantes (20 infusettes) (x12); [I0279] Le panier de grand maman (20 infusettes) (x12); [I0868] Citron meringué (20 infusettes) (x12); [I0628] Oasis du désert - BIO (20 infusettes) (x12); [I0631] Le thé des amoureux (20 infusettes) (x12),--- Remarques merchandiser (import Sheet) --- 📍 Carrefour Market Boondael Contact merchandiser: Nicolas Dehon Demande des flyers des mise en avant pour développer les ventes. Voir mail du 07/03/2026 [APPEL 2026-08-12 NRP] (RAPPELER DANS 15 MIN - note Vanessa)
123345,BLONFOOD SA - Intermarché Liège Blonden,4000,Liège,Avenue Blonden 26,+32 4 229 34 98,,PDV09874@MOUSQUETAIRES.COM,,,+32 4 229 34 98,PDV09874@MOUSQUETAIRES.COM,43,zip,7,1,442,37,2026-04-30,109,,28,demarrage (1 cmd),2026-07-23,25,1.89,2026-06-25,2026-08-14,,,petit assortiment,[V0914] Infusion du Printemps 2026 (x10); [GI0820] Marrakech Sunset - BIO glacé (x10); [GI0832] La Nana de Wépion glacée (x10); [GI0735] Pêche de Vigne - BIO glacée (x10); [GI0634] Gourmandise glacée (x10); [GI0912] Passion Exotique - Infusion de fruits : Mangue - Passion (x10); [GI0916] Vergers d’Été: saveurs: Pomme - Poire (x10),[APPEL 2026-06-15 NRP] (display pas encore installe - impl Gilles 18/06) [APPEL 2026-06-25 REFUS] [APPEL 2026-08-06 NRP] [APPEL 2026-08-14 NRP]
3274,V2V Express Two - Carrefour Express Lasne,1380,Lasne,Route de l'Etat 47,+32 2 378 14 44,,lasnedistribution@gmail.com,Carrefour Express 1314,,02 633 11 90,comptabilite.expresslasne@gmail.com,75,zip,3,1,116,10,2026-03-25,145,,28,demarrage (1 cmd),2026-07-23,25,1.89,2026-06-25,2026-08-14,,,petit assortiment + eloigne,[I0628] Oasis du désert - BIO (20 infusettes) (x6); [I0878] Guarana Boost (20 infusettes) (x6); [I0669] Vert Jasmin (20 infusettes) (x4),--- Remarques merchandiser (import Sheet) --- 📍 Carrefour Express 1314 Lasne Contact merchandiser: Marie Van Vyve [APPEL 2026-06-17 NRP] [APPEL 2026-06-25 REFUS] [APPEL 2026-08-14 NRP] (RAPPELER - note Vanessa)
125070,Delhaize Warmonceau,6000,Charleroi,Grand’Rue 294,+32 71 71 12 62,,ad.warmonceau@groupturk.be,Contact merchandising : Vanessa ou Vincent,,+32 71 71 12 62,ad.warmonceau@groupturk.be,65,zip,8,1,301,25,2026-07-07,41,,28,suivi implantation J+15,2026-07-24,24,1.46,,,2026-07-09,1,petit assortiment + eloigne,[GI0735] Pêche de Vigne - BIO glacée (x12); [GI0832] La Nana de Wépion glacée (x12); [EM0072] SRP Kraft Horeca (x8); [GI0634] Gourmandise glacée (x6); [GI0820] Marrakech Sunset - BIO glacé (x6); [GI0912] Passion Exotique - Infusion de fruits : Mangue - Passion (x6); [GI0916] Vergers d’Été: saveurs: Pomme - Poire (x6); [EM0107] Display Teatower GMS - 8 produits 2026 (x1),[IMPL 2026-07-09] (implantation merch Gilles - tag pose retroactivement 17/08)
124572,Spar Clavier,4560,Clavier,Rue de la gendarmerie 70,+32 85 21 12 77,,spar.clavier@icloud.com,Jean Delmotte,,+32 85 21 12 77,spar.clavier@icloud.com,14,zip,9,3,700,58,2026-07-13,35,12.0,14,historique resserre,2026-07-27,21,2.5,,2026-08-12,,,petit assortiment,[GI0735] Pêche de Vigne - BIO glacée (x24); [GI0832] La Nana de Wépion glacée (x24); [GI0820] Marrakech Sunset - BIO glacé (x18); [GI0912] Passion Exotique - Infusion de fruits : Mangue - Passion (x18); [GI0916] Vergers d’Été: saveurs: Pomme - Poire (x18); [GI0634] Gourmandise glacée (x8); [EM0072] SRP Kraft Horeca (x8); [TRANSPORT] TRANSPORT (x1),[APPEL 2026-08-12 NRP] (RAPPELER SEMAINE PRO CAR PAS DE RESPONSABLE - note Vanessa)
114763,Lillodis SRL - Proxy Delhaize Lillois,1428,Lillois,Grand’Route 350,+32 2 384 48 83,,proxylillois@gmail.com,,,+32 2 384 48 83,proxylillois@gmail.com,79,zip,12,5,887,74,2026-06-05,73,37.5,28,historique resserre,2026-07-31,17,1.61,2026-07-03,,,,eloigne,[I0205] Etoiles filantes (20 infusettes) (x20); [I0751] I love you (20 infusettes) (x16); [I0279] Le panier de grand maman (20 infusettes) (x14); [I0631] Le thé des amoureux (20 infusettes) (x12); [V0891] Trésor des lutins (100 g vrac) (x12); [V0732] Gourmandise de Noël (100 g vrac) (x11); [V0803] Le thé de la Mère Noël (100 g vrac) (x11); [I0880] Blue Earl Grey BIO (20 infusettes) (x8),[APPEL 2026-07-03 REFUS] (Vanessa télévente — programmation de rdv avec Jérôme) --- Remarques merchandiser (import Sheet) --- 📍 Proxy Delhaize lillois Contact merchandiser: Mme Céline Vandamme --- [APPEL ONLY — NE PAS VISITER — décision Nicolas 2026-05-20] --- Magasin trop petit pour justifier visit
2994,Intermarché Forest - FREYARVOR,1190,Forest,Chaussée D'alsemberg 303 309,023464614,,PDV09842@mousquetaires.com,,,023464614,PDV09842@mousquetaires.com,92,zip,17,3,804,67,2026-07-01,47,101.5,35,historique resserre,2026-08-05,12,1.34,,2026-08-14,,,eloigne,[GI0832] La Nana de Wépion glacée (x10); [V0914] Infusion du Printemps 2026 (x10); [I0669] Vert Jasmin (20 infusettes) (x8); [I0600] La lampe merveilleuse (20 infusettes) (x8); [I0751] I love you (20 infusettes) (x8); [I0832] La Nana de Wépion (20 infusettes) (x8); [V0711] Offrande des Rois Mages (100 g vrac) (x8); [V0803] Le thé de la Mère Noël (100 g vrac) (x8),[APPEL 2026-08-14 NRP] (RAPPELER SEMAINE PRO - note Vanessa)
123035,Gmp La Louvière - Delhaize La Louvière,7100,La Louvière,Rue de la Franco-Belge 228,+32 64 44 44 08,,chef44686@delhaize.be,Micha,,+32 64 44 44 08,floreal.micha@delhaize-lalouviere.be,85,zip,14,1,480,40,2026-04-20,119,,28,demarrage (1 cmd),2026-08-11,6,1.21,2026-07-14,2026-08-14,,,eloigne,[EM0072] SRP Kraft Horeca (x11); [I0628] Oasis du désert - BIO (20 infusettes) (x6); [I0631] Le thé des amoureux (20 infusettes) (x6); [I0880] Blue Earl Grey BIO (20 infusettes) (x6); [I0751] I love you (20 infusettes) (x6); [I0878] Guarana Boost (20 infusettes) (x6); [I0635] Silhouette (20 infusettes) (x6); [I0735] Pêche de vigne - BIO (20 infusettes) (x6),Client GMS 15/04/2026 [APPEL 2026-06-11 REFUS] (note Vanessa chatter) [APPEL 2026-07-09 NRP] — La Louvière — injoignable 09/07 [APPEL 2026-07-14 REFUS] (refus - note Vanessa) [APPEL 2026-08-14 NRP]
124642,Affilié 043102 - Delhaize Flémalle,4400,Flémalle,Grand Route 299,+32 4 233 88 37,,ad.flemalle@hotmail.com,,,+32 4 233 88 37,ad.flemalle@hotmail.com,35,zip,8,1,303,25,2026-06-22,56,,28,demarrage (1 cmd),2026-08-11,6,1.21,2026-07-14,,2026-06-22,,petit assortiment,[GI0735] Pêche de Vigne - BIO glacée (x12); [GI0832] La Nana de Wépion glacée (x12); [EM0072] SRP Kraft Horeca (x8); [GI0634] Gourmandise glacée (x6); [GI0820] Marrakech Sunset - BIO glacé (x6); [GI0912] Passion Exotique - Infusion de fruits : Mangue - Passion (x6); [GI0916] Vergers d’Été: saveurs: Pomme - Poire (x6); [EM0107] Display Teatower GMS - 8 produits 2026 (x1),Mr Steve – Contact merchandiser [APPEL 2026-07-06 REFUS] (refus - note Vanessa) [APPEL 2026-07-14 REFUS] (refus - note Vanessa)
124182,Affilié 049205 - Delhaize Tubize,1480,Tubize,"Rue de la Déportation, 61",+32 2 355 42 60,,adtubize@gmail.com,,,+32 2 355 42 60,adtubize@gmail.com,92,zip,16,2,998,83,2026-07-14,34,40,30,historique resserre,2026-08-13,4,1.13,2026-06-17,,,,eloigne,[GI0832] La Nana de Wépion glacée (x24); [EM0072] SRP Kraft Horeca (x16); [GI0912] Passion Exotique - Infusion de fruits : Mangue - Passion (x12); [GI0916] Vergers d’Été: saveurs: Pomme - Poire (x12); [I0631] Le thé des amoureux (20 infusettes) (x12); [I0880] Blue Earl Grey BIO (20 infusettes) (x12); [I0301] Tisane tropicale (20 infusettes) (x12); [GI0735] Pêche de Vigne - BIO glacée (x12),Pas de visite ni implantation le vendredi [APPEL 2026-06-17 REFUS]
5443,Affilié 041341 - AD Delhaize Filature,,Braine-le-Château,Rue de Tubize 102,02 204 56 40,,Adfilature@courcellesgroup.be,,,02 204 56 40,Adfilature@courcellesgroup.be,87,city,14,4,788,66,2026-03-25,145,59,35,historique resserre,2026-08-13,4,1.11,2026-07-09,2026-07-09,,,eloigne,[V0732] Gourmandise de Noël (100 g vrac) (x15); [V0891] Trésor des lutins (100 g vrac) (x10); [V0905] Un Noël Vanillé (x10); [GI0735] Pêche de Vigne - BIO glacée (x10); [GI0820] Marrakech Sunset - BIO glacé (x9); [I0669] Vert Jasmin (20 infusettes) (x8); [I0878] Guarana Boost (20 infusettes) (x8); [I0735] Pêche de vigne - BIO (20 infusettes) (x8),[APPEL 2026-07-03 NRP] (Vanessa télévente) --- Remarques merchandiser (import Sheet) --- 📍 AD Delhaize Filature Contact merchandiser: Mme Dubois Morgane [APPEL 2026-06-24 NRP] rappel Mr Beaufays [APPEL 2026-07-09 REFUS] — AD Filature — retel début août (changement de rayon) [APPEL 2026-07-06 NRP] (r
124180,Affilié 049015 - Proxy Delhaize Tihange,4500,Huy,Avenue de l'industrie 26,+32 85 25 29 39,,delhaizetihange@yahoo.fr,,,+32 85 25 29 39,delhaizetihange@yahoo.fr,26,zip,9,2,624,52,2026-07-14,34,40,30,historique resserre,2026-08-13,4,1.13,2026-06-17,,,,petit assortiment,[D011] Gobelet dégustation (x200); [GI0916] Vergers d’Été: saveurs: Pomme - Poire (x31); [GI0912] Passion Exotique - Infusion de fruits : Mangue - Passion (x31); [GI0735] Pêche de Vigne - BIO glacée (x13); [GI0832] La Nana de Wépion glacée (x13); [EM0072] SRP Kraft Horeca (x8); [GI0634] Gourmandise glacée (x7); [GI0820] Marrakech Sunset - BIO glacé (x7),"--- Remarques merchandiser (maj 2026-06-04) --- 📍 Proxy Delhaize Tihange Nouveau client (lead #179 gagne 02/06/2026). 1re implantation 11/06/2026. Horaires : lun 10:00-18:45, mar-sam 09:00-18:45, dim ferme. [APPEL 2026-06-17 REFUS]"
124148,Spar Beauvechain,1320,Beauvechain,Rue du Village 2,+32 10 86 60 37,,spar.beauvechain@gmail.com,Mr Sébastien Wautié,,+32 10 86 60 37,spar.beauvechain@gmail.com,68,zip,10,1,348,29,2026-06-04,74,,28,demarrage (1 cmd),2026-08-14,3,1.11,2026-07-17,2026-08-12,2026-06-04,,petit assortiment + eloigne,[EM0072] SRP Kraft Horeca (x8); [GI0735] Pêche de Vigne - BIO glacée (x6); [GI0832] La Nana de Wépion glacée (x6); [GI0820] Marrakech Sunset - BIO glacé (x6); [GI0916] Vergers d’Été: saveurs: Pomme - Poire (x6); [I0832] La Nana de Wépion (20 infusettes) (x6); [I0631] Le thé des amoureux (20 infusettes) (x6); [I0628] Oasis du désert - BIO (20 infusettes) (x6),[APPEL 2026-06-17 REFUS] [APPEL 2026-07-14 NRP] (injoignable - note Vanessa) [APPEL 2026-07-17 REFUS] (car veut réassort des glacés - note Vanessa) [APPEL 2026-08-04 NRP] [APPEL 2026-08-12 NRP]
2905,DEMARS S.A.  - Carrefour Market Beauraing,5570,BEAURAING,"Rue de Rochefort, 37",082/71 02 30,,celine.magis@groupedemars.be,Mail magasin,,082/71 02 30,carrefourmarketbeauraing@gmail.com,36,zip,58,11,7516,626,2026-07-27,21,29.0,22,historique resserre,2026-08-18,-1,0.95,2026-07-17,,,,bascule televente (decision Nicolas),[I0832] La Nana de Wépion (20 infusettes) (x49); [I0628] Oasis du désert - BIO (20 infusettes) (x43); [I0729] Relax BIO (20 infusettes) (x42); [V0279] Le panier de grand maman (80 g vrac) (x39); [I0253] Voyage à Venise (20 infusettes) (x33); [I0634] Gourmandise (20 infusettes) (x33); [I0880] Blue Earl Grey BIO (20 infusettes) (x32); [V0895] Matcha japonais (x31),--- Remarques merchandiser (import Sheet) --- 📍 Carrefour Market Beauraing Contact merchandiser: THERESE Personne responsable du rayon Alison. Personne de contact : Christelle ou Alison. [APPEL 2026-07-17 REFUS]
8683,Hyper Carrefour Waterloo Mt-St-Jean - 5400102604598,1410,Waterloo,Chaussée de Charleroi 579,+32 2 389 27 11,,,,,+32 2 389 27 11,,81,zip,19,4,1573,131,2026-07-14,34,105,35,historique resserre,2026-08-18,-1,0.97,,,,,eloigne,[GI0912] Passion Exotique - Infusion de fruits : Mangue - Passion (x60); [GI0916] Vergers d’Été: saveurs: Pomme - Poire (x48); [EM0072] SRP Kraft Horeca (x16); [I0121] Lady Dodo (20 infusettes) (x12); [GI0634] Gourmandise glacée (x12); [I0628] Oasis du désert - BIO (20 infusettes) (x12); [I0631] Le thé des amoureux (20 infusettes) (x12); [I0880] Blue Earl Grey BIO (20 infusettes) (x12),
122995,Micamik SRL - Spar Godinne,5530,Godinne,Rue de Mont 13,+32 82 61 27 50,,spargodinne@icloud.com,Dussart Sylvain,gérant,+32 82 61 27 50,spargodinne@icloud.com,29,zip,9,2,830,69,2026-06-08,70,47,35,historique resserre,2026-08-18,-1,0.97,2026-07-14,,,,petit assortiment,[GI0832] La Nana de Wépion glacée (x30); [EM0072] SRP Kraft Horeca (x25); [GI0820] Marrakech Sunset - BIO glacé (x24); [GI0735] Pêche de Vigne - BIO glacée (x24); [GI0912] Passion Exotique - Infusion de fruits : Mangue - Passion (x24); [GI0634] Gourmandise glacée (x12); [GI0916] Vergers d’Été: saveurs: Pomme - Poire (x12); [V0914] Infusion du Printemps 2026 (x12),Client GMS 14/04/2026 [APPEL 2026-07-14 REFUS] (refus - note Vanessa)
122589,Carrefour Market Wellin,6920,Wellin,"Rue de la Station, 32",+32 84 38 92 96,,carrefourwellin@gmail.com,,,+32 84 38 92 96,carrefourwellin@gmail.com,30,zip,10,2,644,54,2026-07-14,34,106,35,historique resserre,2026-08-18,-1,0.97,2026-06-09,2026-07-09,,,petit assortiment,[I0751] I love you (20 infusettes) (x16); [I0279] Le panier de grand maman (20 infusettes) (x16); [V0628] Oasis du désert - BIO (100 g vrac) (x10); [I0880] Blue Earl Grey BIO (20 infusettes) (x10); [V0631] Le thé des amoureux (80 g vrac) (x10); [V0735] Pêche de vigne - BIO (100 g vrac) (x10); [I0735] Pêche de vigne - BIO (20 infusettes) (x6); [I0628] Oasis du désert - BIO (20 infusettes) (x6),"--- Remarques merchandiser (import Sheet) --- 📍 Carrefour Market Wellin Contact merchandiser: Gwenaëlle Trousse Ok pour le suivi merchandiser demander Gwenaëlle. Jour fixe dans son horaire le lundi et vendredi [APPEL 2026-06-09 REFUS] (note Vanessa chatter) [APPEL 2026-07-09 NRP] — Wellin — retel, d"
124638,Delhaize Visé,4600,Visé,Route de Dalhem 15,+32 4 379 85 41,,secretariat@ad-delhaizevise.be,Elisa ou Laurine – Contact merchandiser,,+32 4 379 85 41,secretariat@ad-delhaizevise.be,57,zip,9,3,1016,85,2026-08-05,12,22.0,16,historique resserre,2026-08-21,-4,0.75,,2026-07-17,,,petit assortiment,[D011] Gobelet dégustation (x200); [GI0832] La Nana de Wépion glacée (x49); [GI0735] Pêche de Vigne - BIO glacée (x31); [GI0634] Gourmandise glacée (x25); [GI0820] Marrakech Sunset - BIO glacé (x25); [GI0912] Passion Exotique - Infusion de fruits : Mangue - Passion (x25); [GI0916] Vergers d’Été: saveurs: Pomme - Poire (x13); [EM0072] SRP Kraft Horeca (x8),[APPEL 2026-07-06 NRP] (injoignable - note Vanessa) [APPEL 2026-07-17 NRP]
124363,Centrale Intermarché,1348,Ottignies-Louvain-la-Neuve,Rue du Bosquet 4,,,factures_belgique@mousquetaires.com,,,,factures_belgique@mousquetaires.com,66,zip,5,8,2043,170,2026-08-11,6,8,14,historique resserre,2026-08-25,-8,0.43,,,,,petit assortiment + eloigne,[SRPV0279] SRP 6x V0279 - Panier de grand maman VRAC (x21); [SRPV0631] SRP 6x V0631 - Thé des amoureux VRAC (x12); [SRPV0880] SRP 6x V0880 - Blue Earl grey BIO VRAC (x11); [SRPV0735] SRP 6x V0735 - Pêches de Vignes BIO VRAC (x10); [TRANSPORT] TRANSPORT (x6),"Attention = 37.5%, pas 30% ATTENTION LIVRAISON : Livreur doir passer par la loge de garde et livrer à la réception de l'entrepôt !"
122466,Hyper Carrefour Gosselies - 5400102606455,6041,Gosselies,Da Vincilaan 3,+32 71 25 06 12,,,Vincent,,+32 71 25 06 12,,67,zip,19,2,834,70,2026-06-08,70,66,35,historique resserre,2026-08-31,-14,0.6,2026-07-27,2026-08-10,,,eloigne,[EM0072] SRP Kraft Horeca (x16); [I0631] Le thé des amoureux (20 infusettes) (x12); [I0279] Le panier de grand maman (20 infusettes) (x12); [I0121] Lady Dodo (20 infusettes) (x12); [I0735] Pêche de vigne - BIO (20 infusettes) (x12); [I0600] La lampe merveilleuse (20 infusettes) (x6); [I0628] Oasis du désert - BIO (20 infusettes) (x6); [I0751] I love you (20 infusettes) (x6),--- Remarques merchandiser (import Sheet) --- 📍 Hyper Carrefour Gosselies Contact merchandiser: Vincent Ok pour le suivi merchandiser demander Vincent- ou Benjamin. Passage de 8h à 12h [APPEL 2026-07-14 NRP] (rappeler demain avant-midi - note Vanessa) [APPEL 2026-07-17 REFUS] [APPEL 2026-07-27 REFUS
123844,Louis Delhaize - Haversin,5590,Haversin,Rue de Barvaux 141,+32 83 69 95 01,,cyanar@live.be,,,+32 83 69 95 01,cyanar@live.be,16,zip,9,2,569,47,2026-06-24,54,35,26,historique resserre,2026-08-31,-14,0.46,2026-08-05,2026-08-12,,,petit assortiment,[GI0820] Marrakech Sunset - BIO glacé (x18); [GI0735] Pêche de Vigne - BIO glacée (x18); [GI0832] La Nana de Wépion glacée (x12); [GI0634] Gourmandise glacée (x12); [GI0912] Passion Exotique - Infusion de fruits : Mangue - Passion (x12); [V0914] Infusion du Printemps 2026 (x12); [EM0072] SRP Kraft Horeca (x8); [GI0916] Vergers d’Été: saveurs: Pomme - Poire (x6),[APPEL 2026-07-17 REFUS] [APPEL 2026-08-05 REFUS] [APPEL 2026-08-12 NRP] (Rappeler demain - note Vanessa)
123966,Intermarché Mons,7000,Mons,Chemin de la Procession 399,+32 65 39 48 11,+32 476 94 08 72,pdv95019@mousquetaires.com,Guerino Bruno,,+32 65 39 48 11,loregueri@gmail.com,100,zip,10,3,510,42,2026-07-13,35,24.0,18,historique resserre,2026-09-01,-15,0.17,2026-08-14,2026-06-15,,,petit assortiment + eloigne,[GI0832] La Nana de Wépion glacée (x19); [GI0634] Gourmandise glacée (x19); [GI0820] Marrakech Sunset - BIO glacé (x17); [EM0072] SRP Kraft Horeca (x8); [GI0735] Pêche de Vigne - BIO glacée (x7); [GI0916] Vergers d’Été: saveurs: Pomme - Poire (x7); [GI0912] Passion Exotique - Infusion de fruits : Mangue - Passion (x7); [EM0107] Display Teatower GMS - 8 produits 2026 (x2),[APPEL 2026-06-15 NRP] (rappeler demain - note Vanessa) [APPEL 2026-08-14 REFUS]
8062,Carrefour Hyper Auderghem -5400102606158,1160,Auderghem,Bd du Souverain-Vorstlaan 240,+32 2 679 05 11,,josiane_bourcy@carrefour.com,,,+32 2 679 05 11,josiane_bourcy@carrefour.com,87,zip,11,3,931,78,2026-07-31,17,134.5,35,historique resserre,2026-09-04,-18,0.49,,,,,eloigne,[I0279] Le panier de grand maman (20 infusettes) (x18); [I0121] Lady Dodo (20 infusettes) (x12); [GI0832] La Nana de Wépion glacée (x12); [I0880] Blue Earl Grey BIO (20 infusettes) (x12); [GI0820] Marrakech Sunset - BIO glacé (x12); [GI0735] Pêche de Vigne - BIO glacée (x12); [I0301] Tisane tropicale (20 infusettes) (x12); [I0751] I love you (20 infusettes) (x12),--- Remarques merchandiser (import Sheet) --- 📍 Carrefour Hyper Auderghem Pas de visite le mardi ni le vendredi car madame Josiane Bourcy n'est pas présente. Plus de visite merchandiser. Madame Bourcy va gérer son rayon elle-même. Voir visite merchandiser du 11/03/2026
124727,Delhaize Montigny,6110,Montigny-le-Tilleul,Rue de Gozée 400,+32 71 56 22 73,,directionmlt@nolamanagement.be,Contact merchandising : Demander Valentine ou Philippe,,+32 71 56 22 73,directionmlt@nolamanagement.be,69,zip,8,2,527,44,2026-08-05,12,40,30,historique resserre,2026-09-04,-18,0.4,,2026-07-14,,,petit assortiment + eloigne,[GI0832] La Nana de Wépion glacée (x24); [GI0735] Pêche de Vigne - BIO glacée (x18); [GI0634] Gourmandise glacée (x12); [GI0820] Marrakech Sunset - BIO glacé (x12); [GI0916] Vergers d’Été: saveurs: Pomme - Poire (x12); [EM0072] SRP Kraft Horeca (x8); [GI0912] Passion Exotique - Infusion de fruits : Mangue - Passion (x6); [EM0107] Display Teatower GMS - 8 produits 2026 (x1),[APPEL 2026-07-14 NRP] (injoignable - note Vanessa)
124701,Affilié 045070 - Proxy Delhaize Ma Campagne,1050,Ixelles,Chaussée de Waterloo 412G,+32 2 514 66 48,+32 483 35 74 27,david.ficette@gmail.com,,,+32 2 514 66 48,david.ficette@gmail.com,91,zip,15,2,1300,108,2026-08-05,12,42,32,historique resserre,2026-09-06,-20,0.38,,2026-07-06,,,eloigne,[GI0735] Pêche de Vigne - BIO glacée (x24); [GI0832] La Nana de Wépion glacée (x24); [GI0634] Gourmandise glacée (x24); [EM0072] SRP Kraft Horeca (x16); [GI0912] Passion Exotique - Infusion de fruits : Mangue - Passion (x12); [GI0916] Vergers d’Été: saveurs: Pomme - Poire (x12); [I0628] Oasis du désert - BIO (20 infusettes) (x12); [I0631] Le thé des amoureux (20 infusettes) (x12),Contact merchandising : Luca ou Justin [APPEL 2026-07-06 NRP] — Ma Campagne — injoignable 06/07
123346,Gemblouxim - Intermarché Gembloux,5030,Gembloux,Campagne d'Enée 1,+32 81 61 01 43,,PDV09844@MOUSQUETAIRES.COM,Fabrice,Responsable,+32 81 61 01 43,PDV09844@MOUSQUETAIRES.COM,53,zip,9,3,1359,113,2026-08-03,14,47.5,35,historique resserre,2026-09-07,-21,0.4,,2026-07-27,,,petit assortiment,[GI0820] Marrakech Sunset - BIO glacé (x36); [GI0735] Pêche de Vigne - BIO glacée (x36); [GI0832] La Nana de Wépion glacée (x36); [GI0916] Vergers d’Été: saveurs: Pomme - Poire (x36); [GI0912] Passion Exotique - Infusion de fruits : Mangue - Passion (x36); [GI0634] Gourmandise glacée (x24); [EM0072] SRP Kraft Horeca (x16); [V0914] Infusion du Printemps 2026 (x12),"[APPEL 2026-07-14 NRP] (injoignable, mail envoye pour commande - note Vanessa) [APPEL 2026-07-17 NRP] [APPEL 2026-07-27 NRP]"
125275,Carrefour Market Vielsalm,6690,Vielsalm,Les Grands Champs 38,+32 80 21 57 71,,carrefour.vielsalm@outlook.be,,,+32 80 21 57 71,carrefour.vielsalm@outlook.be,37,zip,10,1,337,28,2026-07-13,35,,28,demarrage (1 cmd),2026-09-07,-21,0.25,2026-08-10,,2026-07-13,,petit assortiment,[EM0072] SRP Kraft Horeca (x8); [GI0912] Passion Exotique - Infusion de fruits : Mangue - Passion (x6); [GI0916] Vergers d’Été: saveurs: Pomme - Poire (x6); [I0628] Oasis du désert - BIO (20 infusettes) (x6); [I0631] Le thé des amoureux (20 infusettes) (x6); [I0880] Blue Earl Grey BIO (20 infusettes) (x6); [I0279] Le panier de grand maman (20 infusettes) (x6); [I0301] Tisane tropicale (20 infusettes) (x6),Contact merchandising : Audrey Bodson [APPEL 2026-07-27 REFUS] [APPEL 2026-08-03 REFUS] (ne se vend pas bien - note Vanessa) [APPEL 2026-08-10 REFUS] (ne se vend pas bien - note Vanessa)
125351,FQMS - Proxy Delhaize Quadrilatere (Huy),4500,Huy,Rue Delloye-Matthieu 9,+32 471 72 79 39,,compta@fqms.be,Alexandre Gilles,Gerant FQMS,+32 471 72 79 39,alexandregillis@hotmail.com,26,zip,8,1,325,27,2026-07-15,33,,28,demarrage (1 cmd),2026-09-07,-21,0.25,2026-08-10,,2026-07-15,,petit assortiment,[GI0916] Vergers d’Été: saveurs: Pomme - Poire (x12); [GI0912] Passion Exotique - Infusion de fruits : Mangue - Passion (x12); [EM0072] SRP Kraft Horeca (x8); [I0628] Oasis du désert - BIO (20 infusettes) (x6); [I0880] Blue Earl Grey BIO (20 infusettes) (x6); [I0279] Le panier de grand maman (20 infusettes) (x6); [I0723] Namasté BIO (20 infusettes) (x6); [EM0107] Display Teatower GMS - 8 produits 2026 (x1),"[REGLE: pas de passage le MARDI — de preference le MERCREDI (contrainte magasin, lead #1095)] [A IMPLANTER] Exploitant FQMS depuis le 14/08/2020 (TVA BE0752619436). Responsable magasin : Loic. Gerant : Alexandre Gilles (+32 471 72 79 39, alexandregillis@hotmail.com). Compta : compta@fqms.be. Origine"
122944,Lambertdis SRL - Spar Manhay,6960,Manhay,"Rue d'erezée,",+32 86 45 55 87,,lambertfrancoise@skynet.be,Koohn Samuel,,+32 86 45 55 87,samuelkoohn@live.be,23,zip,10,2,559,47,2026-04-21,118,10,25,override magasin,2026-09-08,-22,0.12,2026-08-14,2026-06-25,,,petit assortiment,[I0628] Oasis du désert - BIO (20 infusettes) (x10); [I0631] Le thé des amoureux (20 infusettes) (x10); [I0751] I love you (20 infusettes) (x10); [I0735] Pêche de vigne - BIO (20 infusettes) (x10); [I0279] Le panier de grand maman (20 infusettes) (x10); [I0832] La Nana de Wépion (20 infusettes) (x10); [I0121] Lady Dodo (20 infusettes) (x10); [GI0916] Vergers d’Été: saveurs: Pomme - Poire (x8),[APPEL 2026-07-03 REFUS] (Vanessa télévente) Client GMS 11/04/2026 --- Remarques merchandiser --- Horaire ouverture : pas de livraison ni visite le lundi avant 13h30. Magasin fermé le matin le lundi. (info 2026-05-04) [APPEL 2026-06-18 NRP] [APPEL 2026-06-25 NRP] injoignable [APPEL 2026-08-14 REFUS]
123964,Intermarché Rumes - Hainaut,7610,Rumes,Chaussée de Douai 1bis,+32 69 34 31 88,+32 488 24 44 74,pdv04733@mousquetaires.com,Ludovic Deval,,+32 69 34 31 88,pdv04733@mousquetaires.com,147,zip,10,2,466,39,2026-08-04,13,67,35,historique resserre,2026-09-08,-22,0.37,2026-07-17,,,,petit assortiment + eloigne,[GI0820] Marrakech Sunset - BIO glacé (x12); [GI0735] Pêche de Vigne - BIO glacée (x12); [GI0916] Vergers d’Été: saveurs: Pomme - Poire (x12); [GI0634] Gourmandise glacée (x12); [V0914] Infusion du Printemps 2026 (x12); [EM0072] SRP Kraft Horeca (x8); [GI0832] La Nana de Wépion glacée (x6); [GI0912] Passion Exotique - Infusion de fruits : Mangue - Passion (x6),[APPEL 2026-06-17 REFUS] [APPEL 2026-07-17 REFUS]
124368,Spar Momignies,6590,Momignies,Route de Macon 7,+32 60 51 10 35,,momidistri@skynet.be,Vincent Van den Driessche-Leners,Gérant,+32 60 51 10 35,momidistri@skynet.be,89,zip,16,1,650,54,2026-06-10,68,,28,demarrage (1 cmd),2026-09-09,-23,0.18,2026-08-12,,2026-06-10,,eloigne,[EM0072] SRP Kraft Horeca (x16); [GI0735] Pêche de Vigne - BIO glacée (x12); [GI0832] La Nana de Wépion glacée (x12); [GI0634] Gourmandise glacée (x6); [GI0820] Marrakech Sunset - BIO glacé (x6); [GI0912] Passion Exotique - Infusion de fruits : Mangue - Passion (x6); [GI0916] Vergers d’Été: saveurs: Pomme - Poire (x6); [I0628] Oasis du désert - BIO (20 infusettes) (x6),[APPEL 2026-06-24 REFUS] pas encore besoin [APPEL 2026-08-05 REFUS] [APPEL 2026-08-12 REFUS]
124178,Delhaize Amay,4540,Amay,Chaussee Roosevelt 101,+32 85 31 29 97,,info@delhaize-amay.be,Mme Lhomme Nathalie,,+32 85 31 29 97,info@delhaize-amay.be,29,zip,9,1,323,27,2026-06-04,74,,28,demarrage (1 cmd),2026-09-09,-23,0.18,2026-08-12,,2026-06-04,,petit assortiment,[D011] Gobelet dégustation (x200); [GI0735] Pêche de Vigne - BIO glacée (x13); [GI0832] La Nana de Wépion glacée (x13); [EM0072] SRP Kraft Horeca (x8); [GI0634] Gourmandise glacée (x7); [GI0820] Marrakech Sunset - BIO glacé (x7); [GI0912] Passion Exotique - Infusion de fruits : Mangue - Passion (x7); [GI0916] Vergers d’Été: saveurs: Pomme - Poire (x7),[APPEL 2026-06-18 REFUS] [APPEL 2026-07-17 REFUS] (magasin va fermer pour rénovation en septembre - note Vanessa) [APPEL 2026-08-04 REFUS] (magasin va fermer pour rénovation en septembre - note Vanessa) [APPEL 2026-08-12 REFUS] (magasin va fermer pour rénovation en septembre - note Vanessa)
124554,Affilié 047550 - Proxy Delhaize Roi Chevalier,1200,Woluwe-Saint-Lambert,Avenue du Roi Chevalier 53,+32 2 779 55 42,,,,,+32 2 779 55 42,,89,zip,8,1,301,25,2026-06-18,60,,28,demarrage (1 cmd),2026-09-09,-23,0.18,2026-08-12,2026-07-03,2026-06-18,,petit assortiment + eloigne,[GI0735] Pêche de Vigne - BIO glacée (x12); [GI0832] La Nana de Wépion glacée (x12); [EM0072] SRP Kraft Horeca (x8); [GI0634] Gourmandise glacée (x6); [GI0820] Marrakech Sunset - BIO glacé (x6); [GI0912] Passion Exotique - Infusion de fruits : Mangue - Passion (x6); [GI0916] Vergers d’Été: saveurs: Pomme - Poire (x6); [EM0107] Display Teatower GMS - 8 produits 2026 (x1),[APPEL 2026-07-03 NRP] (Vanessa télévente) Joëlle – Responsable Epicerie [APPEL 2026-07-17 REFUS] [APPEL 2026-08-04 REFUS] [APPEL 2026-08-12 REFUS]
2927,Distriparenthèse - Intermarché Gosselies,6041,Gosselies,"Rue Pont à Migneloux, 13",071/35.40.10,,pdv09920@mousquetaires.com,Valentin Schirru,,071/35.40.10,pdv09920@mousquetaires.com,67,zip,17,4,1286,107,2026-03-31,139,36,27,historique resserre,2026-09-10,-24,0.11,2026-08-14,,,,eloigne,[V0914] Infusion du Printemps 2026 (x18); [GI0820] Marrakech Sunset - BIO glacé (x16); [I0832] La Nana de Wépion (20 infusettes) (x15); [I0279] Le panier de grand maman (20 infusettes) (x14); [I0631] Le thé des amoureux (20 infusettes) (x13); [I0880] Blue Earl Grey BIO (20 infusettes) (x13); [I0868] Citron meringué (20 infusettes) (x13); [I0628] Oasis du désert - BIO (20 infusettes) (x12),--- Remarques merchandiser (import Sheet) --- 📍 Intermarché Parenthèse Gosselie Contact merchandiser: Valentin Schirru [APPEL 2026-06-17 REFUS] [APPEL 2026-07-14 REFUS] (refus - note Vanessa) [APPEL 2026-08-14 REFUS]
122991,Antheco SA - Intermarché Anthée,5520,Onhaye,Rue Maréchal Franchet d'Esperey 2,+32 82 21 31 00,,PDV06651@mousquetaires.com,Ronald & Aurélie Leonet,,+32 82 21 31 00,ronald.leonet-adh@mousquetaires.com,39,zip,8,2,565,47,2026-08-06,11,62,35,historique resserre,2026-09-10,-24,0.31,2026-06-24,,,,petit assortiment,[GI0832] La Nana de Wépion glacée (x24); [GI0820] Marrakech Sunset - BIO glacé (x18); [GI0634] Gourmandise glacée (x12); [GI0912] Passion Exotique - Infusion de fruits : Mangue - Passion (x12); [GI0735] Pêche de Vigne - BIO glacée (x12); [GI0916] Vergers d’Été: saveurs: Pomme - Poire (x12); [EM0072] SRP Kraft Horeca (x8); [EM0107] Display Teatower GMS - 8 produits 2026 (x1),"Client GMS 13/04/26 [IMPLANTE 2026-06-15 Gilles — commande passée 05/06, display 8 réfs] [APPEL 2026-06-24 REFUS] pas au franco [NOTE 2026-07-30] Tag d'implantation cloture : display pose (SO S05737 du 05/06, livraison 08/06). Suivi desormais assure en televente (pool Vanessa), pas en visite Gilles."
113634,Carrefour Market Eupen centre Rotenberg,4700,Eupen,Rotenberg 12,+32 87 55 59 01,,carrefoureupen@skynet.be,,,+32 87 55 59 01,carrefoureupen@skynet.be,62,zip,19,2,768,64,2025-10-13,308,0,28,demarrage (1 cmd),2026-09-11,-25,0.11,2026-08-14,,,,eloigne,[EM0072] SRP Kraft Horeca (x16); [V0914] Infusion du Printemps 2026 (x6); [I0279] Le panier de grand maman (20 infusettes) (x6); [I0832] La Nana de Wépion (20 infusettes) (x6); [I0301] Tisane tropicale (20 infusettes) (x6); [I0880] Blue Earl Grey BIO (20 infusettes) (x6); [I0878] Guarana Boost (20 infusettes) (x6); [I0735] Pêche de vigne - BIO (20 infusettes) (x6),--- Remarques merchandiser (import Sheet) --- 📍 carrefour Market Eupen centre Rotenberg Contact merchandiser: Mme Meesen Cindy Demander Mme Meessen Cindy pas de visite le mercredi [APPEL 2026-08-14 REFUS]
124424,Hyper Carrefour Kraainem - 5400102606691,1950,Kraainem,Avenue de Wezembeek 114,+32 2 785 06 11,,olivier_ernest@carrefour.com,,,+32 2 785 06 11,olivier_ernest@carrefour.com,88,zip,7,1,753,63,2026-06-12,66,,28,demarrage (1 cmd),2026-09-11,-25,0.11,2026-08-14,,2026-06-12,,petit assortiment + eloigne,[EM0072] SRP Kraft Horeca (x20); [GI0820] Marrakech Sunset - BIO glacé (x20); [GI0912] Passion Exotique - Infusion de fruits : Mangue - Passion (x20); [GI0832] La Nana de Wépion glacée (x20); [GI0735] Pêche de Vigne - BIO glacée (x20); [GI0916] Vergers d’Été: saveurs: Pomme - Poire (x20); [GI0634] Gourmandise glacée (x20),[APPEL 2026-07-03 REFUS] (Vanessa télévente) [APPEL 2026-08-14 REFUS]
124423,Carrefour Market Tomberg - 5400102101219,1200,Woluwe-Saint-Lambert,Tomberg 96,+32 2 775 04 11,,sabine_jacobs@carrefour.com,,,+32 2 775 04 11,sabine_jacobs@carrefour.com,89,zip,12,1,626,52,2026-06-12,66,,28,demarrage (1 cmd),2026-09-11,-25,0.11,2026-08-14,,2026-06-12,,eloigne,[EM0072] SRP Kraft Horeca (x16); [GI0735] Pêche de Vigne - BIO glacée (x12); [GI0832] La Nana de Wépion glacée (x12); [GI0634] Gourmandise glacée (x12); [GI0820] Marrakech Sunset - BIO glacé (x12); [GI0912] Passion Exotique - Infusion de fruits : Mangue - Passion (x12); [GI0916] Vergers d’Été: saveurs: Pomme - Poire (x12); [I0631] Le thé des amoureux (20 infusettes) (x6),[APPEL 2026-07-03 REFUS] (Vanessa télévente) [APPEL 2026-08-14 REFUS]
123466,Digretail - Intermarché Braine-le-Comte Digues,7090,Braine-le-Comte,Rue des Digues 60,+32 67 56 01 88,,PDV09832@MOUSQUETAIRES.COM,Mr Termini - Boss,,+32 67 56 01 88,PDV09832@MOUSQUETAIRES.COM,92,zip,9,1,531,44,2026-05-05,104,,28,demarrage (1 cmd),2026-09-11,-25,0.11,2026-08-14,,,,petit assortiment + eloigne,[EM0072] SRP Kraft Horeca (x16); [GI0820] Marrakech Sunset - BIO glacé (x12); [GI0735] Pêche de Vigne - BIO glacée (x12); [GI0634] Gourmandise glacée (x12); [GI0832] La Nana de Wépion glacée (x12); [GI0916] Vergers d’Été: saveurs: Pomme - Poire (x12); [GI0912] Passion Exotique - Infusion de fruits : Mangue - Passion (x12); [V0914] Infusion du Printemps 2026 (x12),OK pour Gilles =&gt; Mr Damien [APPEL 2026-06-15 REFUS] (note Vanessa chatter) [APPEL 2026-07-14 REFUS] (refus - note Vanessa) [APPEL 2026-08-14 REFUS]
9016,Distriwal SRL - Carrefour Market Walcourt,5650,WALCOURT,"Rue de la Forge, 34",+32 71 61 14 73,,labbe-r@hotmail.com,Ronny LABBE,,+32 475 40 37 25,labbe-r@hotmail.com,65,zip,9,1,251,21,2025-10-16,305,,28,demarrage (1 cmd),2026-09-11,-25,0.11,2026-08-14,,,,petit assortiment + eloigne,[I0751] I love you (20 infusettes) (x6); [I0279] Le panier de grand maman (20 infusettes) (x6); [I0631] Le thé des amoureux (20 infusettes) (x4); [I0301] Tisane tropicale (20 infusettes) (x4); [I0628] Oasis du désert - BIO (20 infusettes) (x3); [I0669] Vert Jasmin (20 infusettes) (x3); [I0880] Blue Earl Grey BIO (20 infusettes) (x3); [I0735] Pêche de vigne - BIO (20 infusettes) (x3),--- Remarques merchandiser (import Sheet) --- 📍 Carrefour Market Walcourt Contact merchandiser: Ronny Labbé Envoyer mail le 10/03 pour avoir l'accord du magasin au bon de commande suite au passage de gilles (2 fois pour rien ) Voir si retour. Gilles est repasser ce 31/03 encore pour rien. Jérôme doi
122467,Hyper Carrefour Bomerée - 5400102606684,6110,Montigny-Le-Tilleul,Rue de la station 1,+32 71 29 72 11,,demoulin_michael@carrefour.com,,,+32 71 29 72 11,demoulin_michael@carrefour.com,69,zip,9,3,959,80,2026-08-05,12,65.5,35,historique resserre,2026-09-14,-28,0.2,2026-08-10,2026-07-17,,,petit assortiment + eloigne,[I0832] La Nana de Wépion (20 infusettes) (x30); [I0600] La lampe merveilleuse (20 infusettes) (x24); [I0631] Le thé des amoureux (20 infusettes) (x24); [I0628] Oasis du désert - BIO (20 infusettes) (x18); [I0878] Guarana Boost (20 infusettes) (x18); [I0735] Pêche de vigne - BIO (20 infusettes) (x18); [EM0072] SRP Kraft Horeca (x6); [I0723] Namasté BIO (20 infusettes) (x0),"--- Remarques merchandiser (import Sheet) --- 📍 Hyper Carrefour Bomerée Contact merchandiser: Demoulin michael Ok pour le suivi merchandiser demander Mr Demoulin ou Darion Do Santos. Préférence de passage lundi ou mardi ( Attention, 6 référence en magasin) [APPEL 2026-07-14 NRP] (rappeler demain Ste"
124037,Intermarché Braine Le Château,1440,Braine-le-Château,Rue de Nivelles 186A,+32 2 366 21 69,,PDV09925@MOUSQUETAIRES.COM,Mr Marquez Alenjandro,,+32 487 66 90 34,PDV09925@MOUSQUETAIRES.COM,86,zip,17,2,820,68,2026-08-10,7,73,35,historique resserre,2026-09-14,-28,0.2,2026-06-17,2026-08-04,,,eloigne,[GI0735] Pêche de Vigne - BIO glacée (x18); [GI0832] La Nana de Wépion glacée (x18); [EM0072] SRP Kraft Horeca (x16); [GI0634] Gourmandise glacée (x12); [GI0820] Marrakech Sunset - BIO glacé (x12); [GI0912] Passion Exotique - Infusion de fruits : Mangue - Passion (x12); [GI0916] Vergers d’Été: saveurs: Pomme - Poire (x12); [I0628] Oasis du désert - BIO (20 infusettes) (x6),[APPEL 2026-06-17 REFUS] [APPEL 2026-07-14 NRP] (injoignable - note Vanessa) [APPEL 2026-07-17 NRP] [APPEL 2026-08-04 NRP]
120159,Affilié 043145 - Delhaize Flagey,1050,Ixelles,Rue de Hennin 18,+32 2 648 58 38,,skoumans@outlook.com,,,+32 2 648 58 38,skoumans@outlook.com,91,zip,18,2,1092,91,2026-04-03,136,71,35,historique resserre,2026-09-16,-30,0.14,2026-08-12,2026-08-06,,,eloigne,[EM0072] SRP Kraft Horeca (x16); [I0279] Le panier de grand maman (20 infusettes) (x15); [I0735] Pêche de vigne - BIO (20 infusettes) (x14); [I0669] Vert Jasmin (20 infusettes) (x12); [I0868] Citron meringué (20 infusettes) (x12); [I0631] Le thé des amoureux (20 infusettes) (x11); [I0751] I love you (20 infusettes) (x11); [I0878] Guarana Boost (20 infusettes) (x11),--- Remarques merchandiser (import Sheet) --- 📍 Delhaize Flagey Contact merchandiser: Mr Koumans ⚠️ Accès uniquement le MARDI — pas d'autres jours possibles pour visite/livraison merchandiser. [APPEL 2026-06-18 REFUS] [APPEL 2026-08-06 NRP] (RAPPELER - note Vanessa) [APPEL 2026-08-12 REFUS]
117404,Carrefour market Arlon Hydrion,6700,Arlon,Parc commerciale de l'Hydrion 1,+32 63 44 51 90,,markethydrion@gmail.com,,,+32 63 44 51 90,markethydrion@gmail.com,74,zip,19,3,826,69,2026-03-19,151,49.0,35,historique resserre,2026-09-16,-30,0.14,2026-08-12,,,,eloigne,[I0631] Le thé des amoureux (20 infusettes) (x12); [I0880] Blue Earl Grey BIO (20 infusettes) (x9); [EM0072] SRP Kraft Horeca (x8); [I0628] Oasis du désert - BIO (20 infusettes) (x6); [I0600] La lampe merveilleuse (20 infusettes) (x6); [I0878] Guarana Boost (20 infusettes) (x6); [I0735] Pêche de vigne - BIO (20 infusettes) (x6); [I0723] Namasté BIO (20 infusettes) (x6),--- Remarques merchandiser (import Sheet) --- 📍 Carrefour Market Arlon Hydrion Contact merchandiser: Mme Hoffelt Personne de contact Mégane. [APPEL 2026-06-18 REFUS] [APPEL 2026-08-06 REFUS] [APPEL 2026-08-12 REFUS]
123041,Affilié 44845 - Delhaize Enghien,7850,Enghien,Square de la Dodane,+32 2 395 69 30,,dllenghienmestdag@gmail.com,,,+32 2 395 69 30,dllenghienmestdag@gmail.com,102,zip,13,2,709,59,2026-06-15,63,60,35,historique resserre,2026-09-16,-30,0.14,2026-08-12,,,,eloigne,[I0635] Silhouette (20 infusettes) (x16); [I0205] Etoiles filantes (20 infusettes) (x10); [I0121] Lady Dodo (20 infusettes) (x10); [I0279] Le panier de grand maman (20 infusettes) (x10); [I0735] Pêche de vigne - BIO (20 infusettes) (x10); [I0878] Guarana Boost (20 infusettes) (x10); [I0628] Oasis du désert - BIO (20 infusettes) (x10); [I0820] Marrakech Sunset - BIO (20 infusettes) (x6),[APPEL 2026-07-17 REFUS] [APPEL 2026-08-05 REFUS] [APPEL 2026-08-12 REFUS]
117130,Affilié 041895 - Proxy Delhaize Braives,4260,Braives,Chaussée de Tirlemont 6A,+32 19 69 94 88,,maxime@proxybraives.be,,,+32 19 69 94 88,maxime@proxybraives.be,39,zip,9,3,513,43,2026-06-10,68,92.0,35,historique resserre,2026-09-16,-30,0.14,2026-08-12,,,,petit assortiment,[I0628] Oasis du désert - BIO (20 infusettes) (x14); [I0880] Blue Earl Grey BIO (20 infusettes) (x14); [I0735] Pêche de vigne - BIO (20 infusettes) (x14); [V0711] Offrande des Rois Mages (100 g vrac) (x6); [V0732] Gourmandise de Noël (100 g vrac) (x6); [V0803] Le thé de la Mère Noël (100 g vrac) (x6); [V0891] Trésor des lutins (100 g vrac) (x6); [V0905] Un Noël Vanillé (x6),--- Remarques merchandiser (import Sheet) --- 📍 Proxy Delhaize Braives Contact merchandiser: Yannick Demander Yannick. Attention que 3 références en rayon. [APPEL 2026-07-17 REFUS] [APPEL 2026-08-04 REFUS] [APPEL 2026-08-12 REFUS]
120035,Good 4 Food SRL - Proxy Delhaize Linthout,1200,Woluwe St Lambert,Av Georges Henri 481,+32 2 735 06 90,,proxylinthout@gmail.com,,,+32 2 735 06 90,proxylinthout@gmail.com,89,zip,17,5,1353,113,2026-08-14,3,49.5,35,historique resserre,2026-09-18,-32,0.09,,,,,eloigne,[EM0072] SRP Kraft Horeca (x22); [I0832] La Nana de Wépion (20 infusettes) (x21); [I0723] Namasté BIO (20 infusettes) (x21); [I0628] Oasis du désert - BIO (20 infusettes) (x20); [I0880] Blue Earl Grey BIO (20 infusettes) (x19); [I0735] Pêche de vigne - BIO (20 infusettes) (x18); [GI0912] Passion Exotique - Infusion de fruits : Mangue - Passion (x16); [I0751] I love you (20 infusettes) (x12),--- Remarques merchandiser (import Sheet) --- 📍 Proxy Delhaize Linthout Contact merchandiser: Mme Custers Ok merchandiser. Demander Mme Custers pas de visite le mercredi.
120933,VGS Company - Carrefour Express Rhode-Saint-Genèse,1640,Rhode-Saint-Genèse,Chaussée de Waterloo 230,+32 2 466 68 41,,carrefour.express.rsg@gmail.com,Gilles Virgo,,+32 2 466 68 41,carrefour.express.rsg@gmail.com,86,zip,3,2,218,18,2026-04-16,123,66,35,historique resserre,2026-09-18,-32,0.09,2026-08-14,,,,petit assortiment + eloigne,[I0631] Le thé des amoureux (20 infusettes) (x14); [I0832] La Nana de Wépion (20 infusettes) (x8); [I0205] Etoiles filantes (20 infusettes) (x8),--- Remarques merchandiser (import Sheet) --- 📍 Carrefour Express Rhode-Saint-Genèse Contact merchandiser: Gilles Virgo Voir pour le suivi merchandiser car que 3 référence en magasin --- [APPEL ONLY — NE PAS VISITER — décision Nicolas 2026-05-20] --- Magasin trop petit pour justifier visite merchand
